ID;density;pH;sulphates;magnesium;alcohol;lightness;quality
1;1,00;3,51;0,56;0,86;9,40;0,109;5,00
2;1,00;3,20;0,68;0,56;9,80;0,107;5,00
3;1,00;3,26;0,65;0,47;9,80;0,106;5,00
4;1,00;3,16;0,58;0,33;9,80;0,111;6,00
5;1,00;3,51;0,56;0,91;9,40;0,107;5,00
6;1,00;3,51;0,56;0,52;9,40;0,109;5,00
7;1,00;3,30;0,46;0,92;9,40;0,108;5,00
8;0,99;3,39;0,47;0,89;10,00;0,104;7,00
9;1,00;3,36;0,57;0,10;9,50;0,108;7,00
10;1,00;3,35;0,80;0,57;10,50;0,100;5,00
11;1,00;3,28;0,54;0,97;9,20;0,111;5,00
12;1,00;;0,80;0,42;10,50;0,101;5,00
13;0,99;3,58;0,52;0,25;9,90;0,108;5,00
14;1,00;3,26;1,56;0,14;9,10;0,112;5,00
15;1,00;3,16;0,88;0,90;9,20;0,111;5,00
16;1,00;3,17;0,93;0,91;9,20;0,115;5,00
17;1,00;3,30;0,75;0,93;10,50;0,096;7,00
18;1,00;3,11;1,28;0,90;9,30;0,116;5,00
19;1,00;3,38;0,50;0,47;9,00;0,115;4,00
20;1,00;3,04;1,08;0,08;9,20;0,117;6,00
21;1,00;3,39;0,53;0,14;9,40;0,111;6,00
22;1,00;10,30;0,65;0,92;9,70;0,107;5,00
23;1,00;3,17;0,91;0,59;9,50;0,112;5,00
24;1,00;3,17;0,53;0,87;9,40;0,110;5,00
25;1,00;3,43;0,63;0,52;9,70;0,110;6,00
26;1,00;3,34;0,56;0,71;9,30;0,114;5,00
27;1,00;3,28;0,59;0,23;9,50;0,113;5,00
28;1,00;3,17;0,91;0,64;9,50;0,106;5,00
29;1,00;3,47;0,55;0,23;9,40;0,114;5,00
30;1,00;3,38;0,59;0,00;9,80;0,110;6,00
31;1,00;3,35;0,54;0,28;10,10;0,100;5,00
32;1,00;3,46;0,57;0,78;10,60;0,103;6,00
33;1,00;3,17;0,66;0,46;9,80;0,104;5,00
34;1,00;3,45;0,52;0,83;9,40;0,107;6,00
35;1,00;3,38;0,55;0,62;9,20;0,116;5,00
36;1,00;3,40;0,55;0,29;9,60;0,113;6,00
37;1,00;3,42;0,60;0,75;10,80;0,098;6,00
38;1,00;3,23;0,73;0,97;9,70;0,106;7,00
39;0,99;3,50;0,48;0,94;9,80;0,107;4,00
40;1,00;3,33;0,83;0,85;10,50;0,098;5,00
41;1,00;3,33;0,83;0,79;10,50;0,103;5,00
42;1,00;3,26;0,51;0,58;9,30;0,116;4,00
43;1,00;3,21;0,90;0,74;10,50;0,104;6,00
44;1,00;3,30;1,20;0,04;10,30;0,107;5,00
45;1,00;3,48;0,52;0,11;9,50;0,112;5,00
46;0,99;3,90;0,56;0,94;13,10;0,084;4,00
47;1,00;3,25;0,73;0,80;9,20;0,118;5,00
48;1,00;3,25;0,58;0,57;9,50;0,108;5,00
49;1,00;3,34;0,56;0,49;9,20;0,118;5,00
50;1,00;3,32;0,58;0,02;9,20;0,109;5,00
51;1,00;3,15;0,74;0,59;9,20;0,114;5,00
52;1,00;3,40;0,63;0,99;9,40;0,107;6,00
53;1,00;3,39;0,64;0,12;9,40;0,115;6,00
54;1,00;3,20;0,56;0,05;9,40;0,110;5,00
55;1,00;3,17;0,63;0,27;10,20;0,104;6,00
56;1,00;3,34;0,53;0,99;9,50;0,114;5,00
57;1,00;3,04;0,63;0,27;9,60;0,113;5,00
58;1,00;3,26;0,77;0,42;9,40;0,108;5,00
59;1,00;3,43;0,59;0,66;10,00;0,109;5,00
60;1,00;3,41;0,54;0,92;9,40;0,111;6,00
61;1,00;3,44;0,64;0,41;9,20;0,118;5,00
62;1,00;3,21;0,71;0,22;9,30;0,113;5,00
63;1,00;3,38;0,62;0,03;9,50;0,113;7,00
64;1,00;3,39;0,57;0,66;9,80;0,105;5,00
65;1,00;3,41;0,39;0,54;10,90;0,092;5,00
66;1,00;3,41;0,39;0,33;10,90;0,099;5,00
67;1,00;3,42;0,58;0,75;9,60;0,105;5,00
68;1,00;3,44;0,58;0,22;10,70;0,099;5,00
69;1,00;3,28;0,79;0,87;10,70;0,100;5,00
70;1,00;3,34;0,95;0,48;10,50;0,099;6,00
71;1,00;3,32;0,54;0,48;9,50;0,111;6,00
72;1,00;3,32;0,48;0,07;9,50;0,113;5,00
73;1,00;3,31;0,48;0,43;9,50;0,106;5,00
74;1,00;3,31;0,53;0,55;9,20;0,110;4,00
75;1,00;3,28;0,82;0,40;9,60;0,106;5,00
76;1,00;3,54;0,66;0,92;10,50;0,102;5,00
77;1,00;3,54;0,66;0,14;10,50;0,097;5,00
78;1,00;3,52;0,55;0,90;10,70;0,099;6,00
79;1,00;3,38;0,52;0,69;10,10;0,106;5,00
80;1,00;3,16;1,12;0,30;9,10;0,115;4,00
81;1,00;3,41;0,56;0,50;9,20;0,115;5,00
82;1,00;3,13;1,28;0,27;9,40;0,109;5,00
83;1,00;3,36;0,57;0,26;9,10;0,111;5,00
84;1,00;3,16;1,14;0,85;9,40;0,108;5,00
85;1,00;3,44;0,78;0,91;10,30;0,105;6,00
86;1,00;3,41;0,59;0,24;10,10;0,102;5,00
87;1,00;2,93;1,95;0,09;9,90;0,102;6,00
88;1,00;3,39;0,64;0,83;9,60;0,113;5,00
89;1,00;3,14;1,22;0,49;9,50;0,105;5,00
90;1,00;3,48;0,53;0,16;9,00;0,116;5,00
91;1,00;3,23;0,54;0,24;9,50;0,108;5,00
92;1,00;2,93;1,95;0,79;9,90;0,111;6,00
93;1,00;2,93;1,98;0,90;9,80;0,103;5,00
94;1,00;3,39;0,64;0,92;9,60;0,111;5,00
95;0,99;3,75;0,48;0,21;10,50;0,103;4,00
96;0,99;3,85;0,60;0,68;12,90;0,087;6,00
97;1,00;3,45;0,56;0,18;10,70;0,097;5,00
98;1,00;3,25;0,63;0,26;9,20;0,113;5,00
99;1,00;3,39;0,56;0,58;9,80;0,103;5,00
100;1,00;3,30;0,59;0,63;9,00;0,115;6,00
101;1,00;3,40;0,61;0,01;10,20;0,106;6,00
102;1,00;3,31;0,56;0,81;10,40;0,102;6,00
103;1,00;3,30;0,59;0,19;9,00;0,120;6,00
104;1,00;3,29;0,51;0,21;9,20;0,110;5,00
105;1,00;3,33;0,48;0,60;9,40;0,113;5,00
106;1,00;3,29;0,51;0,30;9,20;0,112;5,00
107;1,00;3,08;1,31;0,33;9,30;0,113;5,00
108;1,00;3,46;0,79;0,54;9,30;0,112;5,00
109;1,00;3,37;0,80;0,44;9,60;0,113;6,00
110;1,00;3,21;0,69;0,65;9,30;0,111;5,00
111;1,00;3,19;0,93;0,13;9,50;0,108;5,00
112;1,00;3,15;0,66;0,07;9,80;0,103;5,00
113;1,00;3,15;0,66;0,77;9,80;0,108;5,00
114;1,00;3,32;0,67;0,91;9,70;0,109;6,00
115;1,00;3,19;0,93;0,04;9,50;0,107;5,00
116;1,00;3,07;0,63;0,88;10,50;0,103;6,00
117;1,00;3,39;0,61;0,89;10,00;0,102;6,00
118;1,00;3,37;0,50;0,98;9,40;0,111;6,00
119;1,00;3,21;0,60;0,70;10,90;0,093;6,00
120;1,00;3,34;0,54;0,94;9,20;0,115;6,00
121;1,00;3,30;0,57;0,20;9,00;0,115;5,00
122;1,00;3,21;0,60;0,07;10,90;0,096;6,00
123;1,00;3,49;0,52;0,06;9,20;0,110;5,00
124;1,00;3,44;0,53;0,54;9,50;0,115;5,00
125;1,00;3,39;0,48;0,82;9,50;0,108;5,00
126;1,00;3,16;0,70;0,26;9,40;0,112;5,00
127;1,00;3,53;0,49;0,48;10,90;0,098;5,00
128;1,00;3,54;0,48;0,88;10,90;0,100;5,00
129;1,00;3,42;0,92;0,91;10,50;0,103;7,00
130;1,00;3,42;0,57;0,77;9,40;0,115;5,00
131;1,00;3,24;0,66;0,76;9,40;0,113;5,00
132;0,99;3,63;0,63;0,33;13,00;0,082;5,00
133;0,99;3,63;0,63;0,89;13,00;0,086;5,00
134;1,00;3,40;0,58;0,17;9,80;0,102;6,00
135;1,00;3,22;0,55;1,00;9,90;0,110;6,00
136;1,00;3,19;0,82;0,35;9,60;0,105;5,00
137;1,00;3,23;0,77;0,44;9,50;0,107;5,00
138;1,00;3,48;0,64;0,42;9,20;0,113;5,00
139;1,00;3,33;0,54;1,00;9,50;0,107;5,00
140;1,00;3,32;0,54;0,24;9,50;0,106;5,00
141;1,00;3,19;0,82;0,66;9,60;0,113;5,00
142;1,00;3,23;0,77;0,35;9,50;0,111;5,00
143;0,99;3,68;0,79;0,95;14,00;0,075;6,00
144;1,00;3,34;0,58;0,66;9,40;0,111;5,00
145;0,99;3,68;0,79;0,93;14,00;0,076;6,00
146;1,00;3,17;0,62;0,23;9,40;0,109;5,00
147;0,99;3,54;0,52;0,69;10,00;0,108;5,00
148;1,00;3,11;0,80;0,48;9,30;0,117;5,00
149;1,00;3,42;0,58;0,75;10,20;0,104;6,00
150;1,00;3,53;0,61;0,65;10,50;0,097;6,00
151;1,00;3,33;0,53;0,03;10,30;0,102;6,00
152;1,00;2,74;2,00;0,04;9,40;0,106;4,00
153;1,00;3,35;0,54;0,87;10,10;0,100;5,00
154;1,00;3,35;0,54;0,29;10,10;0,107;5,00
155;1,00;3,42;0,72;0,55;10,50;0,099;5,00
156;1,00;3,42;0,71;0,54;10,50;0,102;5,00
157;1,00;3,42;0,72;0,12;10,50;0,105;5,00
158;1,00;3,42;0,71;0,82;10,50;0,100;5,00
159;1,00;3,48;0,50;0,04;9,30;0,111;5,00
160;1,00;3,59;0,57;0,09;9,30;0,113;6,00
161;1,00;3,20;0,56;0,46;9,60;0,110;5,00
162;1,00;3,17;1,08;0,67;9,20;0,112;4,00
163;1,00;3,33;0,56;0,05;10,00;0,102;6,00
164;1,00;3,37;0,49;0,68;9,40;0,107;5,00
165;1,00;3,37;0,49;0,62;9,40;0,107;5,00
166;1,00;3,19;0,62;0,57;9,50;0,106;5,00
167;1,00;3,34;0,52;0,93;10,20;0,102;5,00
168;1,00;3,37;0,48;0,60;9,00;0,117;4,00
169;1,00;3,47;0,55;0,86;10,40;0,101;6,00
170;1,00;3,00;1,59;0,27;9,50;0,113;5,00
171;1,00;3,36;0,33;0,14;9,10;0,113;4,00
172;1,00;3,29;0,61;0,66;9,20;0,118;6,00
173;1,00;3,29;0,61;0,45;9,20;0,116;6,00
174;1,00;3,42;0,57;0,99;11,50;0,095;6,00
175;1,00;3,33;0,47;0,86;9,50;0,114;5,00
176;1,00;3,35;0,78;0,94;9,50;0,110;5,00
177;1,00;3,33;0,47;0,07;9,50;0,109;5,00
178;1,00;3,58;0,61;0,55;10,50;0,099;6,00
179;1,00;3,48;0,56;0,86;9,60;0,108;5,00
180;1,00;3,19;0,59;0,39;9,50;0,112;5,00
181;1,00;3,19;0,59;0,67;9,50;0,113;5,00
182;1,00;3,12;1,02;0,55;9,30;0,112;5,00
183;1,00;3,44;0,52;0,57;9,30;0,112;5,00
184;1,00;3,54;0,58;0,90;9,30;0,109;5,00
185;1,00;3,52;0,58;0,38;9,30;0,108;6,00
186;1,00;3,26;0,53;0,84;9,70;0,103;5,00
187;1,00;3,34;0,55;0,48;9,20;0,113;5,00
188;1,00;3,39;0,49;0,00;9,70;0,105;5,00
189;1,00;3,20;0,55;0,07;9,50;0,111;5,00
190;1,00;3,20;0,55;0,41;9,50;0,112;5,00
191;1,00;3,23;0,62;0,37;9,40;0,115;5,00
192;1,00;3,57;0,62;0,19;9,80;0,110;6,00
193;1,00;3,28;0,61;0,69;9,50;0,111;5,00
194;1,00;3,28;0,55;0,10;9,70;0,107;5,00
195;1,00;3,28;0,55;0,42;9,70;0,105;5,00
196;1,00;3,25;0,54;0,29;9,40;0,115;5,00
197;1,00;3,46;0,59;0,65;10,20;0,107;5,00
198;1,00;3,11;0,97;0,26;10,10;0,105;6,00
199;0,99;3,57;0,85;0,47;13,00;0,085;7,00
200;0,99;3,51;0,43;0,52;11,40;0,092;4,00
201;1,00;3,22;0,82;0,73;10,30;0,103;7,00
202;1,00;3,04;1,03;0,44;9,30;0,116;5,00
203;1,00;3,36;0,79;0,32;9,50;0,105;5,00
204;1,00;3,34;0,55;0,31;9,20;0,109;5,00
205;1,00;3,34;0,56;0,26;9,20;0,116;6,00
206;1,00;3,20;0,77;0,10;10,80;0,102;7,00
207;1,00;3,20;0,77;0,46;10,80;0,095;7,00
208;1,00;3,29;0,53;0,94;9,30;0,117;5,00
209;1,00;3,22;0,67;0,98;9,40;0,111;5,00
210;1,00;3,31;0,88;0,26;10,50;0,101;7,00
211;1,00;3,30;0,86;0,65;12,40;0,090;6,00
212;1,00;3,35;0,56;0,98;10,00;0,110;6,00
213;1,00;3,21;0,67;0,87;10,20;0,107;6,00
214;1,00;3,30;0,43;0,63;10,10;0,106;5,00
215;1,00;3,24;0,71;0,13;9,80;0,105;6,00
216;1,00;3,34;0,76;0,59;10,50;0,101;5,00
217;1,00;3,14;0,57;0,55;11,00;0,096;5,00
218;1,00;3,36;0,55;0,78;9,10;0,115;5,00
219;1,00;3,39;0,54;0,87;9,70;0,107;5,00
220;1,00;3,30;0,60;0,37;9,50;0,108;5,00
221;1,00;3,34;0,59;0,02;9,40;0,107;6,00
222;1,00;3,15;0,57;0,03;9,40;0,111;5,00
223;1,00;3,42;0,60;0,27;9,50;0,112;5,00
224;1,00;3,28;0,60;0,96;10,00;0,107;6,00
225;1,00;3,31;0,57;0,16;10,40;0,097;4,00
226;1,00;3,37;0,58;0,98;10,50;0,105;6,00
227;1,00;3,04;1,61;0,60;9,50;0,111;6,00
228;1,00;3,39;0,63;0,77;9,80;0,108;5,00
229;1,00;3,37;0,58;0,69;10,50;0,104;6,00
230;1,00;3,46;0,50;0,01;11,00;0,101;5,00
231;0,99;3,54;0,62;0,67;12,20;0,091;7,00
232;1,00;3,37;0,52;0,21;9,90;0,110;6,00
233;1,00;3,34;0,70;0,51;9,60;0,112;6,00
234;1,00;3,46;0,50;0,66;11,00;0,092;5,00
235;1,00;3,32;0,55;0,59;9,00;0,112;6,00
236;1,00;3,37;0,58;0,13;9,00;0,114;6,00
237;1,00;3,37;0,58;0,55;9,00;0,120;6,00
238;1,00;3,37;0,58;0,22;9,20;0,113;6,00
239;1,00;3,37;0,58;0,85;9,00;0,118;6,00
240;1,00;3,32;0,55;0,31;9,00;0,114;6,00
241;1,00;3,00;1,09;0,34;9,30;0,110;5,00
242;1,00;3,14;0,71;0,60;10,90;0,094;6,00
243;1,00;3,08;0,49;0,21;9,80;0,103;6,00
244;1,00;3,07;0,84;0,68;9,20;0,118;7,00
245;1,00;3,07;0,84;0,16;9,20;0,116;7,00
246;1,00;3,61;0,96;0,87;9,90;0,109;6,00
247;1,00;3,38;0,52;0,74;9,50;0,115;5,00
248;1,00;3,20;0,45;0,06;9,30;0,117;5,00
249;1,00;3,35;0,48;0,84;9,80;0,106;6,00
250;1,00;3,61;0,96;0,33;9,90;0,107;6,00
251;1,00;3,22;0,78;0,65;10,00;0,100;6,00
252;1,00;3,47;0,70;0,15;9,90;0,103;6,00
253;1,00;3,17;0,53;0,11;10,50;0,101;5,00
254;1,00;3,23;0,59;0,37;9,50;0,111;5,00
255;1,00;3,47;0,70;0,47;9,90;0,107;6,00
256;1,00;3,26;0,57;0,04;9,30;0,116;5,00
257;1,00;3,22;0,62;0,22;9,20;0,117;5,00
258;1,00;3,49;0,67;0,14;9,20;0,113;5,00
259;1,00;3,06;1,26;0,34;9,40;0,116;5,00
260;1,00;3,36;0,80;0,32;10,50;0,100;7,00
261;1,00;3,29;0,65;0,17;9,30;0,117;5,00
262;1,00;3,35;0,60;0,77;9,40;0,113;4,00
263;1,00;3,34;0,57;0,31;10,00;0,106;5,00
264;1,00;3,28;0,67;0,46;9,30;0,115;5,00
265;1,00;3,08;0,87;0,76;10,90;0,095;5,00
266;1,00;3,20;0,72;0,57;10,20;0,103;7,00
267;1,00;3,60;0,72;0,88;9,80;0,103;4,00
268;1,00;3,35;0,86;0,19;12,80;0,087;8,00
269;1,00;3,69;0,91;0,78;9,40;0,113;6,00
270;1,00;3,28;0,97;0,75;10,10;0,108;6,00
271;1,00;3,36;0,67;0,75;10,70;0,102;6,00
272;1,00;3,28;0,97;0,10;10,10;0,100;6,00
273;1,00;3,22;0,78;0,80;10,10;0,108;5,00
274;1,00;3,31;0,64;0,48;9,40;0,110;5,00
275;1,00;3,38;0,77;0,96;9,40;0,109;5,00
276;1,00;3,36;0,67;0,16;10,70;0,100;6,00
277;1,00;3,69;0,91;0,45;9,40;0,115;6,00
278;1,00;3,28;0,97;0,46;10,10;0,102;6,00
279;1,00;3,23;0,82;0,38;12,60;0,084;8,00
280;1,00;3,38;0,77;0,04;10,50;0,098;7,00
281;1,00;3,12;0,82;0,62;9,30;0,109;6,00
282;1,00;3,25;1,08;0,43;9,90;0,110;7,00
283;1,00;3,36;0,57;0,74;9,10;0,119;5,00
284;1,00;3,38;0,77;0,53;10,50;0,100;7,00
285;1,00;3,31;0,71;0,72;9,80;0,105;5,00
286;1,00;3,31;0,71;0,09;9,80;0,105;5,00
287;1,00;3,10;0,76;0,13;10,30;0,107;6,00
288;1,00;3,37;0,70;0,50;10,30;0,099;6,00
289;1,00;3,34;0,86;0,79;10,60;0,096;7,00
290;1,00;3,20;0,95;0,67;9,20;0,116;5,00
291;1,00;3,34;0,86;0,38;10,60;0,102;7,00
292;1,00;3,30;0,71;0,09;10,50;0,099;5,00
293;1,00;3,22;0,64;0,25;10,30;0,099;6,00
294;1,00;3,41;0,60;0,15;10,10;0,102;6,00
295;1,00;3,05;0,81;0,57;9,50;0,114;6,00
296;1,00;3,05;0,64;0,50;9,50;0,110;5,00
297;1,00;3,16;0,52;0,39;9,90;0,103;5,00
298;1,00;3,67;0,73;0,75;9,60;0,104;5,00
299;1,00;3,67;0,80;0,11;9,70;0,108;5,00
300;1,00;3,68;0,71;0,08;9,60;0,106;5,00
301;1,00;3,38;0,59;0,35;10,70;0,099;6,00
302;1,00;3,22;0,64;0,61;10,10;0,109;6,00
303;1,00;3,51;0,72;0,40;10,00;0,104;5,00
304;1,00;3,39;0,54;0,87;9,50;0,112;5,00
305;1,00;3,20;0,52;0,26;9,20;0,113;5,00
306;1,00;3,12;0,59;0,05;9,30;0,113;6,00
307;1,00;3,36;0,52;0,08;9,40;0,109;5,00
308;1,00;3,19;0,62;0,81;9,50;0,115;6,00
309;1,00;3,19;0,63;0,55;9,50;0,113;6,00
310;1,00;3,41;0,53;0,96;9,50;0,108;6,00
311;1,00;3,12;0,59;0,42;9,30;0,115;6,00
312;1,00;3,27;0,54;0,15;9,40;0,114;6,00
313;1,00;3,32;0,63;0,77;9,50;0,108;6,00
314;1,00;3,30;0,53;0,11;9,40;0,111;5,00
315;1,00;3,39;0,68;0,24;11,00;0,091;5,00
316;1,00;3,42;0,65;0,69;11,00;0,100;6,00
317;1,00;3,30;0,65;0,70;10,10;0,105;5,00
318;1,00;3,30;0,64;0,27;10,40;0,096;6,00
319;1,00;3,37;0,71;0,46;11,50;0,094;7,00
320;1,00;3,30;0,64;0,24;10,40;0,096;6,00
321;1,00;3,37;0,71;0,75;11,50;0,091;7,00
322;1,00;3,24;0,62;0,30;9,70;0,109;5,00
323;1,00;3,29;0,63;0,64;9,30;0,108;5,00
324;1,00;3,28;0,70;0,08;9,50;0,112;6,00
325;1,00;3,16;0,69;0,63;9,20;0,114;6,00
326;1,00;3,16;0,69;0,10;9,20;0,112;6,00
327;1,00;3,05;0,74;0,07;11,50;0,092;7,00
328;1,00;3,28;0,83;0,09;11,50;0,089;5,00
329;1,00;3,16;0,67;0,13;9,70;0,109;6,00
330;1,00;3,18;0,62;0,52;9,50;0,114;5,00
331;1,00;3,23;0,66;0,56;12,50;0,083;6,00
332;1,00;3,23;0,66;0,54;12,50;0,089;6,00
333;1,00;3,22;0,54;0,81;9,40;0,114;6,00
334;1,00;3,13;0,52;0,60;11,00;0,099;5,00
335;1,00;3,34;0,74;0,88;11,70;0,094;7,00
336;1,00;3,17;0,84;0,73;12,20;0,085;7,00
337;0,99;3,35;0,70;0,03;12,50;0,083;6,00
338;1,00;3,31;0,64;0,84;10,30;0,101;5,00
339;1,00;3,16;1,00;0,29;11,50;0,094;6,00
340;1,00;3,11;1,36;0,53;9,80;0,106;7,00
341;1,00;3,12;1,18;0,83;9,20;0,112;6,00
342;1,00;3,21;0,87;0,54;11,30;0,092;6,00
343;1,00;3,30;0,75;0,70;9,80;0,109;6,00
344;1,00;3,30;0,75;0,60;9,80;0,110;6,00
345;1,00;3,12;0,78;0,40;10,70;0,095;6,00
346;1,00;3,60;0,81;0,90;9,90;0,109;5,00
347;1,00;3,58;0,89;0,67;12,30;0,087;7,00
348;1,00;3,02;0,93;0,65;12,00;0,084;6,00
349;1,00;3,11;0,92;0,53;10,00;0,106;6,00
350;1,00;3,36;0,86;0,50;9,40;0,109;6,00
351;1,00;3,28;0,98;0,35;9,90;0,111;6,00
352;1,00;3,35;0,83;0,26;9,40;0,115;6,00
353;1,00;3,27;0,73;0,38;9,30;0,108;5,00
354;1,00;3,18;0,77;0,30;13,00;0,085;5,00
355;0,99;3,25;0,59;0,05;11,90;0,091;6,00
356;1,00;3,55;0,61;0,84;12,80;0,080;6,00
357;1,00;3,26;0,88;0,66;11,00;0,099;5,00
358;1,00;3,24;0,75;0,47;11,70;0,094;7,00
359;1,00;3,15;0,85;0,65;10,40;0,102;7,00
360;1,00;3,17;0,68;0,32;9,80;0,104;6,00
361;1,00;3,19;0,70;0,63;9,40;0,113;5,00
362;1,00;3,37;0,91;0,46;9,90;0,104;6,00
363;1,00;3,05;0,56;0,75;10,00;0,104;5,00
364;1,00;2,99;0,87;0,20;10,20;0,099;5,00
365;1,00;3,07;0,73;0,35;10,00;0,108;7,00
366;1,00;3,26;0,93;0,30;11,80;0,094;6,00
367;1,00;3,07;0,73;0,76;10,00;0,107;7,00
368;1,00;3,16;0,69;0,73;9,00;0,115;5,00
369;1,00;3,18;0,64;0,89;9,40;0,106;5,00
370;1,00;3,20;1,13;0,16;12,00;0,087;7,00
371;1,00;3,57;0,78;0,41;9,90;0,111;5,00
372;1,00;3,32;0,87;0,66;8,70;0,120;6,00
373;1,00;3,32;1,04;0,31;10,60;0,099;6,00
374;1,00;3,05;0,63;0,26;9,20;0,111;5,00
375;1,00;3,01;0,81;0,26;10,80;0,097;6,00
376;1,00;3,01;0,83;0,67;11,80;0,086;7,00
377;1,00;3,26;1,11;0,30;11,00;0,100;6,00
378;1,00;3,20;1,13;0,36;12,00;0,087;7,00
379;1,00;3,11;0,99;0,05;13,30;0,077;6,00
380;1,00;3,31;0,70;0,55;10,80;0,094;6,00
381;1,00;3,21;0,80;0,57;9,40;0,111;6,00
382;1,00;3,06;0,80;0,36;10,00;0,108;6,00
383;1,00;3,21;0,80;0,41;9,40;0,112;6,00
384;1,00;3,21;0,80;0,24;9,40;0,111;6,00
385;1,00;3,42;0,74;0,15;9,20;0,116;5,00
386;1,00;3,43;0,76;0,44;9,70;0,110;6,00
387;1,00;3,41;0,74;0,66;9,20;0,117;6,00
388;1,00;3,31;0,54;0,97;9,60;0,108;6,00
389;1,00;3,43;0,74;0,47;9,20;0,112;6,00
390;1,00;3,19;0,70;0,06;10,00;0,105;7,00
391;0,99;3,56;0,82;0,84;12,90;0,082;8,00
392;1,00;3,06;0,80;0,76;10,00;0,109;6,00
393;1,00;3,18;0,51;0,44;9,50;0,110;5,00
394;1,00;3,16;0,54;0,03;9,10;0,117;5,00
395;1,00;3,03;0,57;0,37;9,90;0,101;5,00
396;1,00;3,22;0,60;0,74;13,00;0,082;7,00
397;1,00;3,47;0,53;0,72;9,90;0,106;5,00
398;1,00;3,18;0,65;0,40;11,00;0,099;6,00
399;1,00;3,18;0,65;0,00;11,00;0,100;6,00
400;1,00;3,10;0,55;0,54;9,40;0,107;5,00
401;1,00;3,47;0,53;0,90;9,90;0,103;5,00
402;0,99;3,29;0,47;0,84;10,80;0,100;6,00
403;1,00;3,10;0,61;0,68;10,50;0,103;6,00
404;1,00;3,15;0,63;0,55;10,50;0,102;6,00
405;1,00;3,26;0,61;0,17;9,10;0,111;5,00
406;1,00;3,36;0,76;0,35;10,10;0,104;6,00
407;1,00;3,24;0,65;0,60;10,80;0,100;6,00
408;1,00;3,18;0,63;0,67;10,80;0,100;7,00
409;1,00;3,19;0,70;0,99;11,30;0,091;6,00
410;1,00;3,05;0,57;0,14;9,60;0,112;4,00
411;1,00;3,38;0,62;0,62;9,50;0,110;6,00
412;1,00;3,38;0,62;0,58;9,50;0,107;5,00
413;1,00;3,27;0,64;0,69;9,30;0,108;5,00
414;1,00;3,27;0,82;0,18;11,70;0,093;7,00
415;1,00;3,26;0,61;0,62;9,50;0,106;5,00
416;1,00;3,32;1,07;0,62;9,30;0,115;5,00
417;1,00;3,26;0,66;0,15;11,70;0,093;6,00
418;1,00;3,44;0,48;0,86;10,50;0,102;5,00
419;1,00;3,24;0,76;0,70;10,40;0,104;6,00
420;1,00;3,62;0,68;0,82;9,90;0,102;5,00
421;1,00;3,28;0,73;0,98;11,80;0,090;7,00
422;1,00;3,52;0,56;0,38;12,30;0,082;7,00
423;1,00;3,36;0,44;0,61;10,90;0,097;5,00
424;1,00;3,15;0,90;0,18;11,00;0,099;7,00
425;1,00;3,36;0,44;0,24;10,90;0,096;5,00
426;1,00;3,52;0,56;0,16;12,30;0,086;7,00
427;0,99;3,49;0,49;0,40;11,40;0,090;6,00
428;1,00;3,26;0,56;0,50;10,60;0,099;6,00
429;1,00;3,24;0,60;0,54;9,30;0,111;5,00
430;1,00;3,10;0,60;0,44;10,40;0,101;6,00
431;1,00;3,15;0,90;0,13;11,00;0,094;7,00
432;1,00;3,25;0,56;0,58;9,20;0,109;5,00
433;1,00;3,00;0,65;0,60;12,80;0,082;6,00
434;1,00;3,16;0,49;0,93;9,50;0,110;5,00
435;1,00;3,15;0,89;0,83;9,90;0,107;6,00
436;1,00;3,16;0,49;0,36;9,50;0,108;5,00
437;1,00;3,26;0,56;0,17;10,20;0,107;6,00
438;1,00;3,17;0,66;0,27;11,20;0,098;6,00
439;1,00;3,15;0,89;0,69;9,90;0,108;6,00
440;1,00;3,08;0,60;0,91;9,30;0,116;5,00
441;1,00;2,88;0,82;0,37;9,80;0,106;8,00
442;1,00;3,06;0,68;0,85;11,30;0,097;6,00
443;1,00;2,95;0,68;0,98;11,20;0,098;7,00
444;1,00;3,23;0,63;0,13;11,60;0,090;7,00
445;0,99;3,57;0,84;0,88;12,50;0,085;7,00
446;1,00;3,23;0,56;0,46;10,10;0,107;6,00
447;1,00;3,10;0,73;0,91;10,50;0,100;5,00
448;1,00;3,22;0,72;0,35;11,20;0,099;5,00
449;1,00;3,20;0,56;0,20;10,20;0,105;6,00
450;1,00;3,10;0,61;0,31;10,80;0,100;6,00
451;1,00;3,10;0,61;0,93;10,80;0,097;6,00
452;1,00;3,06;1,06;0,94;9,10;0,114;6,00
453;1,00;3,44;0,63;0,40;10,00;0,101;6,00
454;1,00;3,26;0,74;0,74;11,20;0,097;7,00
455;1,00;3,50;0,63;0,42;11,10;0,099;5,00
456;1,00;3,22;0,69;0,42;13,40;0,084;8,00
457;1,00;3,37;0,58;0,09;10,30;0,100;5,00
458;1,00;3,28;0,58;0,28;9,60;0,112;5,00
459;1,00;3,26;0,74;0,94;11,20;0,096;7,00
460;1,00;3,25;0,57;0,35;9,00;0,111;3,00
461;1,00;3,35;0,61;0,62;11,30;0,094;6,00
462;1,00;3,26;0,61;0,36;9,30;0,112;5,00
463;1,00;3,18;0,61;0,43;11,80;0,086;5,00
464;1,00;3,08;0,53;0,31;9,00;0,116;5,00
465;1,00;2,98;0,70;0,95;9,20;0,111;6,00
466;1,00;3,48;0,91;0,85;9,70;0,108;5,00
467;1,00;3,16;0,72;0,58;11,50;0,096;6,00
468;0,99;3,32;0,79;0,11;14,00;0,072;6,00
469;1,00;3,17;0,62;0,24;9,20;0,112;6,00
470;1,00;3,20;0,58;0,25;9,80;0,109;5,00
471;1,00;3,05;0,61;0,04;10,60;0,103;5,00
472;1,00;3,20;0,71;0,86;11,40;0,094;6,00
473;1,00;3,15;0,82;0,64;10,40;0,106;6,00
474;1,00;3,26;0,79;0,52;10,60;0,095;5,00
475;1,00;3,20;0,89;0,94;9,40;0,115;6,00
476;1,00;3,14;0,60;0,31;10,20;0,098;5,00
477;1,00;3,28;0,70;0,52;9,70;0,111;5,00
478;1,00;3,18;1,06;0,29;11,00;0,093;6,00
479;1,00;3,14;0,60;0,67;10,20;0,102;5,00
480;1,00;3,19;0,70;0,59;10,10;0,102;6,00
481;1,00;3,12;0,66;0,27;9,20;0,113;5,00
482;1,00;3,15;0,92;0,38;11,70;0,091;8,00
483;1,00;3,04;1,05;0,64;9,40;0,107;5,00
484;1,00;3,04;1,06;0,15;9,40;0,107;5,00
485;1,00;3,06;0,66;0,27;13,40;0,081;6,00
486;1,00;3,17;0,47;0,07;10,00;0,107;5,00
487;1,00;3,17;0,47;0,83;10,00;0,105;5,00
488;1,00;3,17;0,42;0,42;10,00;0,107;6,00
489;1,00;3,32;0,92;0,55;10,80;0,097;7,00
490;1,00;3,34;0,75;0,80;10,20;0,102;6,00
491;1,00;3,31;0,67;0,04;10,60;0,104;6,00
492;1,00;3,34;0,79;0,62;13,30;0,075;7,00
493;1,00;3,32;0,90;0,11;13,40;0,078;7,00
494;1,00;3,48;0,74;0,02;11,60;0,091;6,00
495;1,00;3,44;0,55;0,50;12,10;0,089;6,00
496;1,00;3,15;0,65;0,91;11,00;0,100;8,00
497;1,00;3,43;0,65;0,18;9,00;0,120;6,00
498;1,00;3,32;0,79;0,70;11,10;0,094;5,00
499;1,00;3,15;0,65;0,50;11,00;0,093;8,00
500;1,00;3,48;0,74;0,94;11,60;0,091;6,00
501;1,00;3,43;0,65;0,48;9,00;0,115;6,00
502;1,00;3,17;0,85;0,65;12,00;0,090;7,00
503;1,00;3,17;0,85;0,51;12,00;0,089;7,00
504;1,00;3,18;1,04;0,21;10,90;0,095;7,00
505;1,00;3,21;1,05;0,34;10,80;0,094;7,00
506;1,00;3,16;0,78;0,24;12,50;0,089;7,00
507;1,00;3,25;1,02;0,25;10,80;0,097;7,00
508;1,00;3,17;0,71;0,24;9,50;0,112;6,00
509;1,00;3,18;0,63;0,08;10,20;0,103;6,00
510;1,00;3,04;0,68;0,73;11,40;0,095;7,00
511;1,00;3,02;0,61;0,62;9,50;0,109;5,00
512;1,00;3,18;0,63;0,02;10,20;0,106;6,00
513;1,00;3,03;0,81;0,49;9,70;0,108;6,00
514;1,00;3,09;0,66;0,40;11,80;0,094;7,00
515;1,00;3,09;0,66;0,17;11,80;0,092;7,00
516;1,00;3,31;1,14;0,85;9,30;0,117;5,00
517;1,00;3,25;0,74;0,82;11,90;0,093;6,00
518;1,00;3,16;0,63;0,06;8,40;0,127;3,00
519;1,00;3,22;0,68;0,30;11,70;0,092;6,00
520;1,00;3,36;0,78;0,51;11,00;0,095;5,00
521;1,00;3,42;0,90;0,25;10,00;0,106;6,00
522;1,00;3,48;0,64;0,31;9,10;0,110;5,00
523;1,00;3,38;0,99;0,38;9,80;0,109;5,00
524;1,00;3,22;0,55;0,68;9,40;0,116;5,00
525;1,00;3,23;0,64;0,89;9,50;0,111;5,00
526;1,00;3,24;0,67;0,11;9,90;0,103;5,00
527;1,00;3,36;0,78;0,36;11,00;0,097;5,00
528;1,00;3,39;0,77;0,85;11,40;0,088;6,00
529;1,00;3,34;0,75;0,38;8,70;0,122;6,00
530;1,00;3,09;0,57;0,55;9,40;0,111;5,00
531;1,00;3,41;0,87;0,88;10,30;0,107;6,00
532;1,00;3,16;0,61;0,42;10,30;0,100;5,00
533;1,00;3,16;0,61;0,64;10,30;0,100;5,00
534;1,00;3,22;0,66;0,93;12,80;0,084;6,00
535;1,00;3,28;0,56;0,85;10,00;0,105;6,00
536;1,00;3,41;0,87;0,61;10,30;0,102;6,00
537;1,00;3,09;0,57;0,07;9,40;0,106;5,00
538;1,00;3,37;0,77;0,07;10,70;0,100;6,00
539;1,00;3,20;0,66;0,33;12,00;0,088;7,00
540;1,00;3,22;0,62;0,87;11,20;0,091;5,00
541;1,00;3,26;0,67;0,94;9,60;0,108;5,00
542;1,00;3,21;0,73;0,81;11,00;0,097;6,00
543;1,00;3,12;0,59;0,09;9,90;0,109;5,00
544;1,00;3,06;0,72;0,62;11,00;0,097;6,00
545;1,00;2,86;0,79;0,58;8,40;0,128;6,00
546;1,00;3,08;0,59;0,91;9,10;0,116;5,00
547;1,00;3,45;0,78;0,79;9,50;0,111;6,00
548;1,00;3,26;0,86;0,99;10,70;0,097;6,00
549;1,00;3,12;0,75;0,73;10,40;0,101;6,00
550;1,00;3,27;0,61;0,23;9,40;0,112;6,00
551;1,00;3,33;0,56;0,46;9,50;0,105;6,00
552;1,00;3,19;0,73;0,67;10,00;0,105;6,00
553;1,00;3,12;0,74;0,48;10,00;0,107;6,00
554;0,99;3,74;0,62;0,74;11,50;0,095;5,00
555;1,00;2,92;0,74;0,46;11,10;0,095;5,00
556;1,00;2,92;0,74;0,25;11,10;0,091;5,00
557;1,00;3,07;0,56;0,01;11,70;0,094;6,00
558;1,00;2,92;0,74;0,17;11,10;0,096;5,00
559;1,00;3,07;0,56;0,66;11,70;0,091;6,00
560;1,00;3,30;0,68;0,43;12,70;0,081;6,00
561;1,00;3,14;0,57;0,53;11,40;0,096;5,00
562;1,00;3,23;0,58;0,81;9,20;0,117;5,00
563;1,00;3,08;0,61;0,81;9,20;0,110;5,00
564;1,00;3,31;0,61;0,73;10,10;0,099;6,00
565;1,00;3,30;0,68;0,70;12,70;0,085;6,00
566;1,00;3,14;0,57;0,20;11,40;0,097;5,00
567;1,00;3,32;0,60;0,62;9,00;0,115;6,00
568;1,00;3,32;0,60;0,61;9,00;0,114;6,00
569;1,00;3,31;0,79;0,87;10,70;0,100;6,00
570;0,99;3,57;0,57;0,78;11,70;0,089;6,00
571;1,00;3,32;0,91;0,08;11,00;0,091;6,00
572;0,99;3,57;0,57;0,90;11,70;0,095;6,00
573;1,00;3,14;0,61;0,76;10,40;0,102;5,00
574;1,00;3,30;0,56;0,88;9,60;0,112;4,00
575;1,00;3,19;0,70;0,81;10,00;0,104;6,00
576;1,00;3,20;0,80;0,05;10,20;0,104;6,00
577;1,00;3,34;0,52;0,57;10,00;0,105;4,00
578;1,00;3,30;0,60;0,69;9,50;0,110;5,00
579;1,00;3,29;0,60;0,24;9,80;0,102;5,00
580;1,00;3,14;0,51;0,30;9,80;0,108;6,00
581;1,00;3,19;0,44;0,46;9,60;0,113;5,00
582;1,00;3,19;0,44;0,94;9,60;0,110;5,00
583;1,00;3,19;0,43;0,64;9,20;0,110;5,00
584;1,00;2,98;0,66;0,10;9,90;0,106;7,00
585;1,00;3,30;0,76;0,23;10,70;0,094;7,00
586;1,00;3,47;0,66;0,35;9,60;0,112;6,00
587;1,00;3,12;1,02;0,34;10,60;0,097;7,00
588;1,00;3,26;0,59;0,77;9,30;0,117;5,00
589;0,99;3,72;0,74;0,32;14,00;0,074;8,00
590;1,00;3,05;0,74;0,44;10,50;0,104;7,00
591;1,00;3,35;0,57;0,68;9,70;0,112;5,00
592;0,99;3,12;0,50;0,39;11,50;0,095;6,00
593;1,00;3,35;0,57;0,30;9,70;0,107;5,00
594;1,00;3,29;0,58;0,62;9,00;0,119;5,00
595;1,00;3,40;0,53;0,31;9,50;0,112;5,00
596;1,00;3,27;0,57;0,58;9,30;0,114;5,00
597;1,00;3,04;0,60;0,08;9,30;0,109;6,00
598;1,00;3,09;0,63;0,04;10,00;0,106;6,00
599;1,00;3,20;0,48;0,87;9,80;0,111;6,00
600;1,00;3,00;0,70;0,29;9,30;0,117;6,00
601;1,00;3,26;0,47;0,19;10,00;0,105;4,00
602;1,00;3,10;0,56;0,01;9,00;0,117;6,00
603;1,00;3,30;0,52;0,58;9,30;0,114;5,00
604;1,00;3,10;0,56;0,30;9,00;0,117;6,00
605;1,00;3,17;0,62;0,35;9,10;0,114;6,00
606;1,00;3,31;0,59;0,30;9,20;0,117;6,00
607;1,00;;0,79;0,80;12,20;0,088;7,00
608;1,00;;0,53;0,56;10,50;0,096;6,00
609;1,00;;0,64;0,21;10,40;0,105;6,00
610;1,00;3,56;0,52;0,29;12,70;0,085;6,00
611;1,00;3,39;0,54;0,48;9,20;0,112;5,00
612;1,00;2,98;0,54;0,85;9,40;0,113;5,00
613;1,00;3,32;0,60;0,60;10,00;0,102;6,00
614;1,00;3,26;0,74;0,73;9,80;0,105;5,00
615;1,00;2,87;1,36;0,31;10,20;0,104;6,00
616;1,00;3,50;0,57;0,58;9,70;0,111;5,00
617;1,00;3,50;0,57;0,71;9,70;0,110;5,00
618;1,00;3,03;0,93;0,51;9,80;0,108;6,00
619;1,00;3,13;0,70;0,14;10,20;0,099;5,00
620;1,00;3,09;0,80;0,52;9,30;0,114;5,00
621;1,00;3,27;0,61;0,41;9,40;0,116;5,00
622;1,00;3,28;0,62;0,64;9,40;0,107;5,00
623;1,00;3,13;0,55;0,81;9,50;0,106;5,00
624;1,00;3,49;0,96;0,96;12,10;0,090;6,00
625;1,00;3,46;0,72;0,48;10,20;0,105;5,00
626;1,00;3,46;0,72;0,99;10,20;0,098;5,00
627;1,00;3,36;0,49;0,21;9,10;0,117;5,00
628;1,00;3,36;0,49;0,88;9,10;0,111;5,00
629;1,00;3,27;0,60;0,77;9,30;0,115;6,00
630;1,00;3,21;0,61;0,42;9,30;0,109;5,00
631;1,00;3,27;0,60;0,76;9,30;0,111;6,00
632;1,00;3,25;0,63;0,67;9,50;0,111;5,00
633;1,00;3,32;0,57;0,00;10,50;0,099;6,00
634;1,00;3,43;0,64;0,53;11,30;0,091;4,00
635;1,00;3,27;0,58;0,07;9,50;0,109;5,00
636;1,00;3,27;0,55;0,04;9,70;0,109;5,00
637;1,00;3,24;0,53;0,06;9,40;0,113;5,00
638;1,00;3,24;0,53;0,49;9,40;0,115;5,00
639;1,00;3,35;0,65;0,45;10,20;0,101;7,00
640;1,00;3,18;1,36;0,41;10,30;0,103;6,00
641;1,00;3,39;0,62;0,12;9,40;0,116;5,00
642;1,00;3,46;0,63;0,61;9,50;0,107;5,00
643;1,00;3,39;0,62;0,56;9,40;0,111;5,00
644;1,00;3,46;0,63;0,70;9,50;0,113;5,00
645;1,00;3,39;0,62;0,42;9,40;0,116;5,00
646;1,00;3,37;0,69;0,66;10,10;0,100;7,00
647;1,00;3,40;0,63;0,04;10,10;0,103;5,00
648;1,00;3,32;0,58;0,85;11,00;0,094;4,00
649;1,00;3,33;0,67;0,86;11,20;0,090;7,00
650;0,99;3,16;0,57;0,82;11,30;0,089;6,00
651;1,00;2,89;0,50;0,86;9,60;0,109;5,00
652;1,00;3,41;0,67;0,47;11,20;0,091;5,00
653;1,00;2,98;0,84;0,60;14,90;0,071;5,00
654;1,00;3,12;0,54;0,63;12,00;0,092;6,00
655;1,00;3,08;0,46;0,03;9,50;0,115;5,00
656;1,00;3,14;0,61;0,11;9,40;0,110;5,00
657;1,00;2,89;0,50;0,60;9,60;0,111;5,00
658;1,00;2,92;0,68;0,53;10,50;0,096;7,00
659;1,00;3,32;0,81;0,27;9,60;0,105;6,00
660;1,00;3,41;0,57;0,02;11,00;0,095;4,00
661;1,00;3,32;0,81;0,32;9,60;0,108;6,00
662;1,00;3,31;0,64;0,99;9,00;0,113;5,00
663;1,00;3,36;0,70;0,60;9,60;0,106;6,00
664;1,00;3,04;0,79;0,07;10,20;0,099;6,00
665;1,00;3,03;0,66;0,84;10,20;0,101;5,00
666;1,00;3,14;0,56;0,58;9,70;0,111;5,00
667;1,00;3,18;0,60;0,71;9,50;0,114;6,00
668;1,00;2,94;0,66;0,93;9,20;0,115;6,00
669;1,00;3,15;0,57;0,30;11,00;0,095;5,00
670;1,00;2,94;0,66;0,26;9,20;0,117;6,00
671;1,00;3,26;0,58;0,04;10,00;0,103;5,00
672;1,00;3,20;0,52;0,70;9,50;0,109;5,00
673;1,00;3,15;0,53;0,27;9,50;0,112;5,00
674;1,00;3,20;0,52;0,80;9,50;0,107;5,00
675;1,00;3,08;0,67;0,12;9,30;0,112;6,00
676;1,00;3,26;0,65;0,15;10,20;0,105;5,00
677;1,00;3,08;0,67;0,19;9,30;0,109;6,00
678;1,00;3,40;0,48;0,03;9,90;0,110;5,00
679;1,00;3,48;0,53;0,35;10,00;0,102;5,00
680;1,00;3,13;0,54;0,22;9,60;0,112;5,00
681;1,00;3,06;0,49;0,50;9,00;0,118;5,00
682;1,00;3,21;0,49;0,52;10,20;0,105;6,00
683;1,00;3,33;0,54;0,94;9,80;0,109;5,00
684;1,00;3,37;0,56;0,74;11,30;0,096;5,00
685;1,00;3,25;0,48;0,02;9,40;0,115;5,00
686;1,00;3,37;0,56;0,07;11,30;0,095;5,00
687;1,00;3,44;0,60;0,64;9,10;0,116;5,00
688;1,00;3,28;0,59;0,42;9,70;0,110;5,00
689;1,00;3,40;0,47;0,75;9,40;0,114;5,00
690;1,00;3,30;1,05;0,75;9,40;0,109;5,00
691;1,00;3,63;0,54;0,37;10,70;0,094;3,00
692;1,00;3,48;0,54;0,54;9,80;0,104;5,00
693;1,00;3,03;1,17;0,08;9,00;0,112;5,00
694;1,00;3,32;0,62;0,95;9,40;0,116;5,00
695;1,00;3,31;0,61;0,41;9,40;0,110;5,00
696;0,99;3,90;0,62;0,53;12,80;0,082;6,00
697;1,00;3,47;0,67;0,05;9,50;0,108;6,00
698;1,00;3,47;0,67;0,81;9,50;0,111;6,00
699;1,00;3,31;0,53;0,96;9,70;0,104;5,00
700;1,00;3,11;0,62;0,55;10,80;0,098;6,00
701;1,00;3,08;0,57;0,40;10,10;0,106;6,00
702;1,00;3,47;0,67;0,30;9,50;0,112;6,00
703;1,00;3,47;0,67;0,44;9,40;0,112;6,00
704;1,00;3,32;0,70;0,31;9,60;0,105;4,00
705;1,00;3,29;0,54;0,64;9,70;0,112;4,00
706;1,00;3,37;0,49;0,10;9,90;0,108;5,00
707;1,00;3,40;0,47;0,28;10,00;0,106;5,00
708;1,00;3,37;0,51;0,55;10,50;0,099;5,00
709;1,00;3,34;0,61;0,20;11,60;0,095;6,00
710;1,00;3,27;0,66;0,14;10,00;0,108;6,00
711;1,00;3,06;0,57;0,26;10,10;0,102;5,00
712;1,00;3,38;0,61;0,74;9,50;0,114;5,00
713;1,00;3,36;0,45;0,12;9,40;0,114;5,00
714;1,00;3,34;0,46;0,72;9,40;0,114;5,00
715;1,00;3,28;0,51;0,99;9,80;0,109;5,00
716;1,00;3,29;0,48;0,57;9,20;0,110;6,00
717;1,00;3,34;0,46;0,37;9,40;0,113;5,00
718;1,00;3,21;0,57;0,86;10,00;0,103;5,00
719;1,00;3,22;0,44;0,53;9,60;0,107;5,00
720;1,00;3,46;0,54;0,42;9,50;0,109;5,00
721;1,00;3,22;0,44;0,46;9,60;0,111;5,00
722;1,00;3,10;0,53;0,95;9,20;0,112;5,00
723;1,00;3,21;0,59;0,91;10,00;0,102;5,00
724;1,00;2,94;1,62;0,63;9,50;0,112;5,00
725;1,00;3,54;0,60;0,39;11,20;0,090;4,00
726;1,00;3,29;0,55;0,34;10,40;0,098;5,00
727;1,00;3,43;0,72;0,95;11,10;0,100;6,00
728;1,00;3,46;0,68;0,86;9,50;0,115;5,00
729;1,00;3,46;0,68;0,05;9,50;0,108;5,00
730;1,00;3,61;0,49;0,67;12,70;0,083;6,00
731;1,00;3,17;0,67;0,19;9,60;0,107;5,00
732;1,00;3,44;0,52;0,76;11,50;0,094;5,00
733;1,00;3,39;0,47;0,87;9,60;0,107;5,00
734;1,00;3,55;0,60;0,90;9,50;0,114;5,00
735;1,00;3,48;0,62;0,32;9,30;0,117;5,00
736;1,00;3,26;0,50;0,73;9,50;0,106;5,00
737;1,00;3,26;0,50;0,30;9,50;0,114;5,00
738;1,00;3,50;0,65;0,30;9,30;0,110;6,00
739;1,00;3,10;0,56;0,01;9,20;0,115;5,00
740;1,00;3,35;0,60;0,50;9,30;0,115;5,00
741;1,00;3,45;0,68;0,33;11,50;0,088;6,00
742;1,00;3,21;0,57;0,02;9,50;0,107;5,00
743;1,00;3,46;0,65;0,28;9,20;0,110;5,00
744;1,00;3,13;0,53;0,49;10,00;0,100;5,00
745;1,00;3,13;0,51;0,70;9,50;0,113;5,00
746;1,00;3,52;0,73;0,80;9,50;0,108;6,00
747;1,00;3,30;0,47;0,24;9,00;0,120;6,00
748;1,00;3,30;0,48;0,47;9,40;0,109;5,00
749;1,00;3,52;0,72;0,63;9,60;0,106;6,00
750;1,00;3,52;0,73;0,44;9,50;0,106;6,00
751;1,00;3,29;0,55;0,63;9,50;0,115;5,00
752;1,00;3,29;0,55;0,96;9,50;0,111;5,00
753;1,00;3,39;0,61;0,22;9,40;0,107;5,00
754;1,00;3,29;0,55;0,88;9,50;0,109;5,00
755;1,00;3,09;1,06;0,30;9,10;0,115;6,00
756;1,00;3,51;0,43;0,08;10,70;0,096;6,00
757;0,99;3,60;0,46;0,21;11,20;0,096;6,00
758;1,00;3,25;0,50;0,14;9,80;0,110;5,00
759;1,00;3,25;0,50;0,07;9,80;0,111;5,00
760;1,00;3,19;0,52;0,29;9,20;0,112;5,00
761;1,00;3,23;0,57;0,61;9,70;0,108;5,00
762;1,00;3,25;0,42;0,46;9,60;0,110;5,00
763;1,00;3,31;0,53;0,01;10,00;0,104;6,00
764;1,00;3,25;0,42;0,08;9,60;0,112;5,00
765;1,00;3,31;0,55;0,14;9,50;0,114;6,00
766;1,00;3,31;0,54;0,29;9,50;0,109;6,00
767;1,00;3,14;0,54;0,13;9,40;0,107;5,00
768;1,00;3,45;0,62;0,01;9,50;0,109;5,00
769;1,00;3,55;0,53;0,33;9,70;0,106;6,00
770;1,00;3,39;0,54;0,18;9,60;0,105;5,00
771;1,00;3,55;0,53;0,73;9,70;0,104;6,00
772;1,00;3,28;0,55;0,45;9,40;0,109;5,00
773;1,00;3,27;0,55;0,13;9,40;0,116;5,00
774;1,00;3,30;0,92;0,14;9,50;0,110;6,00
775;1,00;3,31;0,91;0,11;9,50;0,111;6,00
776;1,00;3,43;0,46;0,94;10,00;0,110;5,00
777;1,00;3,40;0,60;0,33;10,30;0,106;6,00
778;1,00;3,40;0,59;0,58;10,30;0,101;6,00
779;1,00;3,36;0,61;0,56;10,50;0,097;5,00
780;1,00;3,50;0,60;0,21;9,80;0,103;5,00
781;1,00;3,31;0,60;0,57;9,40;0,112;6,00
782;1,00;3,66;0,65;0,25;9,80;0,103;5,00
783;1,00;3,36;0,53;0,57;10,00;0,108;5,00
784;1,00;3,66;0,65;0,31;9,80;0,108;5,00
785;1,00;3,55;0,59;0,19;9,80;0,109;5,00
786;1,00;3,21;0,50;0,33;9,50;0,114;5,00
787;1,00;11,30;0,50;0,45;9,50;0,110;5,00
788;1,00;3,18;0,56;0,26;10,10;0,104;6,00
789;1,00;3,18;0,56;0,80;10,10;0,101;6,00
790;1,00;3,09;0,52;0,35;9,30;0,112;5,00
791;1,00;3,33;0,68;0,15;9,70;0,109;6,00
792;1,00;3,23;0,54;0,01;9,60;0,108;5,00
793;1,00;3,48;0,60;0,36;9,70;0,108;6,00
794;1,00;3,38;0,56;0,71;10,80;0,096;5,00
795;1,00;3,17;0,53;0,98;12,50;0,088;6,00
796;1,00;2,99;1,18;0,78;10,20;0,108;5,00
797;1,00;3,10;0,74;0,85;9,60;0,110;5,00
798;1,00;3,24;0,81;0,09;10,80;0,100;7,00
799;1,00;3,29;0,52;0,87;10,70;0,094;6,00
800;1,00;3,29;0,52;0,46;10,70;0,095;6,00
801;1,00;3,25;0,51;0,74;9,40;0,112;5,00
802;1,00;3,23;0,44;0,81;10,00;0,101;5,00
803;0,99;3,56;0,94;0,92;12,90;0,083;7,00
804;1,00;3,24;0,66;0,36;9,60;0,105;6,00
805;1,00;3,26;0,57;0,20;9,90;0,103;6,00
806;0,99;3,33;0,70;0,59;12,80;0,082;7,00
807;0,99;3,27;0,71;0,38;12,50;0,085;7,00
808;0,99;3,33;0,70;0,30;12,80;0,087;7,00
809;1,00;6,20;0,86;0,74;9,20;0,109;5,00
810;1,00;3,22;0,55;0,26;10,30;0,105;6,00
811;1,00;3,30;0,47;0,21;10,50;0,104;5,00
812;1,00;3,09;0,68;0,18;10,90;0,097;6,00
813;1,00;3,24;0,71;0,68;10,80;0,094;5,00
814;0,99;3,44;0,58;0,12;11,40;0,089;4,00
815;1,00;3,21;0,76;0,51;11,30;0,092;6,00
816;1,00;3,24;0,71;0,48;10,80;0,097;5,00
817;1,00;3,23;0,58;0,83;10,50;0,101;6,00
818;1,00;3,28;0,73;0,37;11,90;0,090;6,00
819;1,00;3,29;0,45;0,62;9,40;0,112;5,00
820;1,00;3,28;0,54;0,64;9,60;0,109;5,00
821;1,00;3,34;0,60;0,05;9,70;0,108;5,00
822;0,99;3,71;0,74;0,54;14,00;0,077;7,00
823;1,00;3,61;0,64;0,22;9,80;0,109;5,00
824;1,00;3,61;0,64;0,80;9,80;0,109;5,00
825;1,00;3,24;0,53;0,86;10,30;0,100;5,00
826;1,00;3,36;0,49;0,32;10,70;0,098;5,00
827;1,00;3,40;0,64;0,40;11,00;0,092;7,00
828;1,00;3,36;0,49;0,84;10,70;0,102;5,00
829;0,99;3,46;0,74;0,95;12,70;0,087;8,00
830;0,99;3,56;0,77;0,10;11,10;0,093;6,00
831;1,00;3,38;0,55;0,82;10,90;0,101;4,00
832;0,99;3,56;0,77;0,04;11,10;0,098;6,00
833;1,00;3,38;0,86;0,34;9,90;0,109;3,00
834;1,00;3,38;0,86;0,97;9,90;0,106;4,00
835;1,00;3,32;0,47;0,79;9,40;0,109;5,00
836;1,00;3,39;0,51;0,66;9,30;0,115;5,00
837;0,99;3,26;0,39;0,86;11,70;0,092;7,00
838;0,99;3,26;0,39;0,29;11,70;0,086;7,00
839;1,00;3,24;0,83;0,11;11,20;0,095;7,00
840;1,00;3,46;0,47;0,23;10,00;0,107;5,00
841;1,00;3,24;0,77;0,29;12,10;0,083;7,00
842;1,00;3,45;0,63;0,51;10,30;0,106;5,00
843;1,00;3,23;0,72;0,43;10,90;0,094;6,00
844;1,00;3,28;0,62;0,16;9,40;0,115;5,00
845;1,00;3,18;0,83;0,86;10,60;0,097;6,00
846;1,00;3,59;0,66;0,91;9,80;0,109;5,00
847;1,00;3,59;0,66;0,14;9,80;0,111;5,00
848;1,00;3,50;0,70;0,81;9,90;0,111;6,00
849;1,00;3,59;0,66;0,15;9,80;0,109;5,00
850;1,00;3,58;0,66;0,70;9,80;0,106;5,00
851;1,00;3,28;0,55;0,98;9,50;0,112;5,00
852;1,00;3,28;0,55;0,80;9,50;0,114;5,00
853;1,00;3,22;1,07;0,89;9,70;0,110;5,00
854;1,00;3,47;0,73;0,72;10,90;0,094;6,00
855;1,00;3,47;0,73;0,37;10,90;0,098;6,00
856;1,00;3,51;0,71;0,25;11,70;0,093;7,00
857;1,00;3,47;0,73;0,55;10,90;0,098;6,00
858;1,00;3,40;0,78;0,15;11,30;0,093;7,00
859;1,00;3,15;0,67;0,95;10,60;0,102;7,00
860;0,99;3,40;0,82;0,49;11,20;0,093;6,00
861;1,00;3,51;0,54;0,61;9,50;0,115;5,00
862;0,99;3,66;0,60;0,94;11,50;0,095;6,00
863;1,00;3,24;0,44;0,21;10,40;0,101;5,00
864;1,00;3,51;0,53;0,39;9,70;0,110;5,00
865;1,00;3,51;0,54;0,28;9,50;0,111;5,00
866;1,00;3,51;0,54;0,91;9,70;0,109;5,00
867;0,99;3,41;0,83;0,51;11,30;0,098;6,00
868;0,99;3,40;0,84;0,94;11,20;0,096;6,00
869;0,99;3,40;0,82;0,65;11,20;0,096;6,00
870;1,00;3,44;0,64;0,44;10,90;0,094;6,00
871;0,99;3,41;0,57;0,03;11,80;0,087;6,00
872;1,00;3,53;0,57;0,12;10,60;0,103;5,00
873;1,00;3,43;0,54;0,95;10,00;0,104;4,00
874;1,00;3,23;0,58;0,80;11,10;0,091;7,00
875;1,00;3,12;0,65;0,53;11,80;0,088;7,00
876;1,00;6,00;0,79;0,50;11,80;0,090;7,00
877;1,00;3,40;0,58;0,98;10,90;0,099;4,00
878;0,99;3,41;0,57;0,55;11,80;0,088;6,00
879;1,00;3,22;0,50;0,38;10,00;0,106;6,00
880;1,00;3,53;0,55;0,53;9,50;0,113;5,00
881;1,00;3,15;0,49;0,41;9,90;0,105;5,00
882;1,00;3,48;0,65;0,79;11,40;0,091;6,00
883;1,00;3,22;0,78;0,64;12,00;0,092;6,00
884;1,00;3,53;0,55;0,35;9,50;0,107;5,00
885;1,00;3,22;0,50;0,66;10,00;0,104;6,00
886;1,00;3,34;0,64;0,55;10,50;0,104;5,00
887;1,00;3,33;0,65;0,25;10,40;0,101;6,00
888;1,00;3,15;0,79;0,77;12,10;0,091;7,00
889;0,99;3,43;0,56;0,17;11,20;0,098;6,00
890;1,00;3,22;0,68;0,97;9,30;0,112;5,00
891;1,00;3,44;0,58;0,35;10,10;0,103;5,00
892;1,00;3,53;0,57;0,30;9,70;0,113;5,00
893;1,00;3,22;0,65;0,97;9,30;0,114;6,00
894;1,00;3,53;0,57;0,28;9,70;0,106;5,00
895;1,00;3,53;0,58;0,36;9,80;0,104;6,00
896;1,00;3,42;0,58;0,42;10,70;0,093;6,00
897;0,99;3,31;0,77;0,58;12,50;0,086;7,00
898;1,00;3,42;0,58;0,39;10,70;0,097;6,00
899;0,99;3,31;0,77;0,98;12,50;0,086;7,00
900;1,00;3,48;0,49;0,81;11,00;0,099;3,00
901;1,00;3,40;0,69;0,34;11,80;0,088;5,00
902;1,00;3,58;0,69;0,61;10,80;0,093;7,00
903;1,00;3,58;0,69;0,04;10,80;0,097;7,00
904;1,00;3,41;0,59;0,89;10,80;0,098;7,00
905;1,00;3,41;0,59;0,03;10,80;0,095;7,00
906;1,00;3,23;0,59;0,36;9,50;0,105;5,00
907;1,00;3,39;0,71;0,98;11,00;0,092;5,00
908;0,99;3,59;0,54;0,91;11,50;0,089;6,00
909;1,00;3,43;0,59;0,64;10,80;0,101;6,00
910;0,99;3,29;0,52;0,37;11,50;0,096;6,00
911;1,00;3,23;0,57;0,70;13,20;0,081;6,00
912;1,00;3,18;0,60;0,17;10,90;0,093;6,00
913;1,00;3,33;0,62;0,01;12,20;0,087;6,00
914;1,00;3,27;0,64;0,33;12,20;0,090;7,00
915;0,99;3,29;0,52;0,56;11,50;0,095;6,00
916;1,00;3,27;0,67;0,38;11,90;0,092;6,00
917;0,99;3,62;0,61;0,02;11,00;0,101;5,00
918;1,00;3,38;0,64;0,52;10,10;0,102;6,00
919;1,00;3,30;0,72;0,47;11,00;0,094;6,00
920;1,00;3,38;0,89;0,79;11,80;0,092;6,00
921;1,00;3,24;0,56;0,90;10,50;0,096;5,00
922;1,00;3,30;0,72;0,61;11,00;0,098;6,00
923;1,00;3,38;0,89;0,37;11,80;0,085;6,00
924;1,00;3,38;0,64;0,33;10,10;0,108;6,00
925;1,00;3,18;0,80;0,62;11,20;0,093;5,00
926;1,00;3,47;0,87;0,02;11,00;0,093;7,00
927;1,00;3,47;0,90;0,67;10,20;0,101;6,00
928;1,00;3,20;0,59;0,09;9,20;0,112;4,00
929;1,00;3,18;0,80;0,19;11,20;0,098;5,00
930;0,99;3,30;0,73;0,89;12,00;0,088;7,00
931;1,00;3,69;0,73;0,80;10,50;0,098;5,00
932;1,00;3,48;0,65;0,63;9,80;0,106;5,00
933;1,00;3,45;0,59;0,09;9,50;0,107;6,00
934;1,00;3,48;0,65;0,50;9,80;0,105;5,00
935;1,00;3,69;0,73;0,73;10,50;0,100;5,00
936;1,00;3,39;0,72;0,35;11,80;0,087;6,00
937;1,00;3,39;0,72;0,34;11,80;0,093;6,00
938;1,00;3,07;0,60;0,74;10,40;0,100;4,00
939;0,99;3,34;0,72;0,27;12,90;0,079;7,00
940;0,99;3,61;0,54;0,82;11,40;0,089;5,00
941;1,00;3,36;0,76;0,80;12,40;0,082;7,00
942;0,99;3,19;0,52;0,98;12,50;0,083;7,00
943;1,00;3,22;0,64;0,43;10,00;0,107;7,00
944;1,00;3,24;0,60;0,73;9,70;0,105;7,00
945;0,99;3,27;0,64;0,47;12,10;0,089;7,00
946;1,00;3,14;0,79;0,39;11,10;0,099;7,00
947;1,00;3,29;0,99;0,63;12,00;0,093;7,00
948;0,99;3,26;0,62;0,37;12,40;0,084;7,00
949;1,00;;0,76;0,69;11,90;0,086;7,00
950;1,00;3,41;0,76;0,88;11,90;0,084;7,00
951;1,00;3,41;0,76;0,04;11,90;0,094;7,00
952;0,99;3,26;0,62;0,67;12,40;0,086;7,00
953;1,00;3,31;0,68;0,66;11,20;0,096;7,00
954;0,99;3,20;0,69;0,47;12,10;0,090;7,00
955;1,00;3,44;0,54;0,97;12,20;0,084;6,00
956;1,00;3,36;0,67;0,99;10,40;0,098;5,00
957;1,00;3,31;0,62;0,31;11,30;0,095;6,00
958;1,00;3,29;0,58;0,11;11,10;0,097;6,00
959;1,00;3,47;0,71;0,46;11,30;0,091;7,00
960;1,00;3,36;0,61;0,65;10,00;0,108;5,00
961;1,00;3,16;0,85;0,10;11,10;0,098;6,00
962;1,00;3,27;0,62;0,17;9,30;0,112;5,00
963;1,00;3,38;0,69;0,12;9,50;0,106;5,00
964;1,00;3,15;0,69;0,91;11,20;0,098;6,00
965;1,00;3,16;0,85;0,17;11,10;0,093;6,00
966;1,00;3,34;0,86;0,05;11,00;0,098;6,00
967;1,00;3,13;0,58;0,48;11,90;0,093;7,00
968;1,00;3,13;0,48;0,67;9,20;0,114;5,00
969;0,99;3,20;0,60;0,03;12,20;0,090;6,00
970;1,00;3,46;0,61;0,63;10,20;0,103;5,00
971;1,00;3,33;0,87;0,11;10,90;0,097;6,00
972;1,00;3,33;0,87;0,59;10,90;0,096;6,00
973;1,00;3,22;0,65;0,40;11,60;0,087;7,00
974;1,00;3,52;0,63;0,69;10,70;0,101;5,00
975;1,00;3,30;0,62;0,59;12,10;0,090;7,00
976;1,00;3,44;0,52;0,24;9,40;0,114;5,00
977;1,00;3,44;0,52;0,24;9,40;0,111;5,00
978;1,00;3,15;0,50;0,84;9,10;0,111;5,00
979;0,99;3,28;0,49;0,69;11,30;0,092;7,00
980;1,00;3,13;0,63;0,63;10,40;0,100;5,00
981;1,00;3,32;0,71;0,84;10,50;0,103;6,00
982;1,00;3,25;0,62;0,07;10,00;0,100;5,00
983;0,99;3,34;0,82;0,25;12,90;0,081;6,00
984;1,00;3,32;0,71;0,53;10,50;0,105;6,00
985;1,00;3,13;0,63;0,24;10,40;0,104;5,00
986;1,00;3,45;0,58;0,35;11,30;0,089;6,00
987;0,99;3,19;0,55;0,86;11,40;0,097;7,00
988;1,00;3,44;0,50;0,70;9,40;0,110;5,00
989;1,00;3,16;0,49;0,66;9,40;0,110;5,00
990;1,00;3,14;0,51;0,76;10,90;0,094;6,00
991;1,00;3,16;0,49;0,50;9,40;0,115;5,00
992;1,00;11,20;0,48;0,56;9,40;0,108;5,00
993;1,00;3,36;0,48;0,53;9,40;0,115;6,00
994;1,00;3,45;0,48;0,26;9,40;0,109;5,00
995;1,00;3,15;0,43;0,52;9,40;0,111;5,00
996;1,00;3,39;0,62;0,89;10,10;0,108;6,00
997;0,99;3,71;0,63;0,27;12,80;0,086;7,00
998;0,99;3,71;0,63;0,02;12,80;0,087;7,00
999;1,00;3,12;0,48;0,02;9,10;0,113;6,00
1000;0,99;3,47;0,53;0,71;12,90;0,080;6,00
1001;0,99;3,44;0,72;0,82;11,50;0,092;7,00
1002;1,00;3,26;0,82;0,62;10,60;0,103;7,00
1003;1,00;3,26;0,84;0,97;11,70;0,093;7,00
1004;0,99;3,36;0,55;0,55;12,80;0,081;7,00
1005;1,00;3,25;0,54;0,29;10,30;0,103;5,00
1006;0,99;3,36;0,55;0,38;12,80;0,080;7,00
1007;1,00;3,26;0,84;0,58;11,70;0,089;7,00
1008;1,00;3,26;0,84;0,53;11,70;0,088;7,00
1009;1,00;3,23;0,70;0,29;12,00;0,088;7,00
1010;1,00;3,18;0,68;0,49;10,90;0,099;5,00
1011;0,99;3,25;0,55;0,30;12,30;0,082;7,00
1012;1,00;3,17;0,55;0,41;10,40;0,100;6,00
1013;1,00;3,23;0,48;0,41;10,00;0,101;5,00
1014;1,00;3,38;0,58;0,57;10,00;0,103;6,00
1015;0,99;3,22;0,58;0,72;11,20;0,097;6,00
1016;1,00;3,06;0,84;0,77;11,40;0,088;6,00
1017;0,99;3,27;0,75;0,07;12,60;0,087;7,00
1018;0,99;2,89;0,44;0,65;12,70;0,082;6,00
1019;0,99;2,89;0,44;0,70;12,70;0,087;6,00
1020;1,00;3,53;0,61;0,02;10,40;0,101;5,00
1021;1,00;3,20;0,53;0,58;11,90;0,089;6,00
1022;1,00;3,20;0,53;0,17;11,90;0,085;6,00
1023;1,00;3,35;0,54;0,37;10,50;0,098;5,00
1024;1,00;3,27;0,55;0,67;12,30;0,090;6,00
1025;1,00;3,32;0,56;0,90;10,50;0,104;7,00
1026;1,00;3,33;0,60;0,52;10,40;0,105;6,00
1027;0,99;99,99;0,56;0,26;12,60;0,087;6,00
1028;0,99;3,49;0,52;0,93;11,60;0,090;5,00
1029;1,00;3,37;0,54;0,12;10,10;0,103;6,00
1030;1,00;3,32;0,56;0,88;10,50;0,097;7,00
1031;0,99;3,42;0,55;0,36;11,50;0,097;7,00
1032;1,00;3,35;0,58;0,97;11,00;0,097;7,00
1033;1,00;3,36;0,53;0,22;9,60;0,105;5,00
1034;1,00;3,30;0,59;0,79;10,40;0,105;6,00
1035;1,00;3,20;0,47;0,57;9,70;0,112;6,00
1036;1,00;3,17;0,65;0,91;10,60;0,102;7,00
1037;0,99;3,22;0,59;0,25;12,50;0,082;7,00
1038;1,00;3,35;0,56;0,57;9,20;0,112;5,00
1039;1,00;3,24;0,77;0,50;12,60;0,083;7,00
1040;1,00;3,33;0,83;0,56;11,10;0,090;6,00
1041;1,00;3,58;0,67;0,60;10,20;0,107;5,00
1042;1,00;3,38;0,64;0,52;9,80;0,107;6,00
1043;1,00;3,33;0,83;0,50;11,10;0,091;6,00
1044;1,00;3,29;0,81;0,09;10,90;0,101;7,00
1045;0,99;3,36;0,62;0,02;12,20;0,089;6,00
1046;0,99;3,32;0,58;0,63;11,40;0,093;6,00
1047;1,00;3,31;0,62;0,40;10,70;0,098;6,00
1048;1,00;3,49;0,64;0,02;10,40;0,098;5,00
1049;1,00;3,27;0,78;0,52;10,90;0,101;6,00
1050;1,00;3,27;0,77;0,07;10,80;0,096;6,00
1051;1,00;3,49;0,64;0,54;10,40;0,099;5,00
1052;1,00;3,03;1,34;0,71;9,20;0,110;5,00
1053;0,99;3,56;0,55;0,40;12,90;0,083;5,00
1054;0,99;3,38;0,77;0,82;12,70;0,083;7,00
1055;1,00;3,13;0,62;0,17;9,10;0,112;6,00
1056;1,00;3,13;0,62;0,44;9,10;0,115;6,00
1057;1,00;3,21;0,59;0,05;12,10;0,089;7,00
1058;1,00;3,15;0,57;0,86;9,10;0,112;5,00
1059;1,00;3,19;0,76;0,65;11,60;0,091;7,00
1060;1,00;3,21;0,59;0,20;12,10;0,089;7,00
1061;1,00;3,14;0,70;0,67;9,90;0,105;6,00
1062;0,99;3,21;0,69;0,76;12,50;0,084;8,00
1063;1,00;3,30;0,64;0,02;11,40;0,090;6,00
1064;1,00;3,22;0,63;0,51;11,80;0,087;6,00
1065;0,99;3,28;0,57;0,91;11,80;0,087;6,00
1066;1,00;3,29;0,60;0,37;10,20;0,108;6,00
1067;0,99;3,40;0,72;0,18;12,50;0,081;7,00
1068;1,00;3,02;0,83;0,04;10,90;0,097;7,00
1069;1,00;99,99;0,83;0,63;10,90;0,095;7,00
1070;1,00;3,31;0,62;0,93;10,80;0,101;5,00
1071;0,99;3,18;0,89;0,78;11,10;0,091;7,00
1072;1,00;3,20;0,58;0,81;9,20;0,118;5,00
1073;1,00;3,40;0,58;0,89;9,50;0,112;6,00
1074;1,00;3,31;0,58;0,62;10,70;0,102;6,00
1075;1,00;3,20;0,58;0,63;9,20;0,112;5,00
1076;1,00;3,44;0,86;0,67;10,20;0,102;7,00
1077;1,00;3,15;0,73;0,26;11,40;0,089;6,00
1078;1,00;3,27;0,58;0,06;11,00;0,101;5,00
1079;1,00;3,27;0,58;0,06;11,00;0,095;5,00
1080;0,99;3,01;0,51;0,03;12,30;0,085;7,00
1081;0,99;3,16;0,51;0,29;11,80;0,091;6,00
1082;0,99;3,01;0,51;0,25;12,30;0,083;7,00
1083;1,00;3,42;0,59;0,87;9,50;0,110;6,00
1084;1,00;3,33;0,77;0,97;12,00;0,085;6,00
1085;1,00;3,42;0,59;0,63;9,50;0,109;6,00
1086;1,00;3,12;0,49;0,94;9,60;0,106;5,00
1087;1,00;3,38;0,66;0,09;11,60;0,096;7,00
1088;0,99;3,29;0,69;0,80;11,20;0,096;6,00
1089;1,00;3,02;0,76;0,82;9,90;0,110;7,00
1090;1,00;3,02;0,76;0,66;9,90;0,108;7,00
1091;0,99;2,98;0,63;0,41;11,80;0,090;8,00
1092;1,00;3,35;0,60;0,33;11,40;0,096;6,00
1093;0,99;3,43;0,59;0,67;11,50;0,088;6,00
1094;1,00;3,33;0,86;0,32;12,00;0,088;7,00
1095;1,00;3,35;0,49;0,99;10,80;0,098;6,00
1096;1,00;3,15;0,50;0,10;10,50;0,098;5,00
1097;1,00;3,35;0,49;0,69;10,80;0,100;6,00
1098;1,00;3,20;0,52;0,17;9,40;0,111;5,00
1099;0,99;3,15;0,81;0,98;12,50;0,087;7,00
1100;1,00;3,20;0,52;0,74;9,40;0,109;5,00
1101;0,99;3,11;0,78;0,31;12,40;0,086;6,00
1102;0,99;3,35;0,63;0,11;12,00;0,085;6,00
1103;0,99;3,45;0,54;0,24;11,20;0,094;6,00
1104;0,99;3,35;0,63;0,16;12,00;0,091;6,00
1105;0,99;3,28;0,66;0,61;12,40;0,082;6,00
1106;0,99;3,41;0,60;0,81;12,80;0,085;5,00
1107;0,99;3,21;0,54;0,41;12,30;0,086;6,00
1108;1,00;3,27;0,85;0,73;11,70;0,094;7,00
1109;1,00;3,36;0,49;0,84;9,50;0,114;5,00
1110;1,00;3,17;0,76;0,73;10,80;0,102;6,00
1111;1,00;3,25;0,64;0,42;10,00;0,108;6,00
1112;0,99;3,78;0,64;0,36;12,30;0,089;7,00
1113;0,99;3,29;0,71;0,19;11,00;0,096;6,00
1114;1,00;3,12;0,59;0,74;9,50;0,111;6,00
1115;0,99;3,49;0,66;0,25;13,60;0,080;6,00
1116;1,00;3,38;0,60;0,67;11,30;0,098;6,00
1117;1,00;3,38;0,60;0,37;11,30;0,090;6,00
1118;1,00;3,38;0,60;0,09;11,30;0,096;6,00
1119;0,99;3,30;0,53;0,74;13,30;0,083;6,00
1120;0,99;3,52;0,58;0,15;12,90;0,086;5,00
1121;0,99;3,20;0,72;0,76;13,10;0,080;8,00
1122;0,99;3,44;0,55;0,08;12,30;0,086;6,00
1123;0,99;3,45;0,48;1,00;12,30;0,089;6,00
1124;1,00;3,12;0,65;0,67;11,20;0,099;6,00
1125;1,00;3,62;0,62;0,00;11,50;0,094;4,00
1126;0,99;3,14;0,59;0,12;11,30;0,090;7,00
1127;0,99;3,39;0,54;0,82;13,50;0,081;6,00
1128;0,99;3,51;0,60;0,81;11,50;0,097;6,00
1129;1,00;3,22;0,68;0,92;10,00;0,104;5,00
1130;1,00;3,21;0,69;0,17;10,50;0,101;6,00
1131;1,00;3,18;0,63;0,48;10,40;0,103;6,00
1132;0,99;3,32;0,44;0,74;9,50;0,106;5,00
1133;0,99;3,38;0,88;0,73;13,60;0,081;7,00
1134;1,00;3,37;0,68;0,86;11,20;0,089;7,00
1135;1,00;3,30;0,74;0,69;11,80;0,090;7,00
1136;0,99;3,38;0,60;0,04;11,90;0,088;6,00
1137;1,00;3,22;0,76;0,81;11,40;0,094;6,00
1138;1,00;3,22;0,76;0,64;11,40;0,093;6,00
1139;1,00;3,14;0,58;0,53;9,10;0,116;5,00
1140;1,00;3,34;0,64;0,72;9,50;0,107;6,00
1141;1,00;3,41;0,65;0,81;9,50;0,113;6,00
1142;1,00;3,27;0,85;0,54;11,00;0,092;6,00
1143;0,99;3,30;0,65;0,18;11,40;0,089;6,00
1144;1,00;3,61;0,82;0,09;10,00;0,104;6,00
1145;1,00;3,43;0,62;0,06;10,10;0,105;5,00
1146;1,00;3,53;0,81;0,45;10,40;0,097;6,00
1147;1,00;3,28;0,87;0,07;9,80;0,109;6,00
1148;1,00;3,21;0,49;0,46;11,80;0,093;7,00
1149;1,00;3,39;0,66;0,23;11,60;0,096;6,00
1150;1,00;3,23;0,52;0,23;12,00;0,093;6,00
1151;0,99;3,30;0,76;0,39;12,80;0,086;7,00
1152;0,99;3,46;0,65;0,22;12,50;0,087;6,00
1153;1,00;3,15;0,53;0,70;9,80;0,109;5,00
1154;1,00;3,23;0,66;0,02;11,10;0,099;6,00
1155;1,00;3,59;0,68;0,92;11,40;0,098;6,00
1156;1,00;3,15;0,53;0,19;9,80;0,110;5,00
1157;1,00;3,33;0,76;0,32;11,80;0,088;7,00
1158;0,99;3,46;0,87;0,37;12,90;0,085;7,00
1159;1,00;3,42;1,16;0,59;10,60;0,095;6,00
1160;1,00;3,16;0,67;0,37;10,80;0,093;5,00
1161;1,00;3,14;0,72;0,03;11,10;0,096;7,00
1162;1,00;3,21;0,75;0,99;10,20;0,100;6,00
1163;0,99;;0,71;0,39;11,80;0,093;7,00
1164;1,00;;0,67;0,58;10,00;0,105;5,00
1165;1,00;;0,67;0,79;10,00;0,102;5,00
1166;1,00;3,01;1,10;0,84;9,40;0,107;5,00
1167;1,00;2,94;0,98;0,97;10,20;0,098;5,00
1168;1,00;3,32;0,88;0,71;12,40;0,082;7,00
1169;0,99;3,21;0,56;0,74;12,00;0,086;6,00
1170;1,00;3,32;0,62;0,14;11,50;0,092;6,00
1171;1,00;3,20;0,67;0,95;10,50;0,102;6,00
1172;1,00;3,42;0,68;0,09;10,80;0,102;6,00
1173;1,00;3,27;0,74;0,23;12,30;0,084;6,00
1174;1,00;3,46;0,62;0,40;9,50;0,112;6,00
1175;1,00;3,46;0,62;0,01;9,50;0,114;6,00
1176;1,00;3,61;0,70;0,94;11,50;0,092;6,00
1177;1,00;3,58;0,50;0,49;11,20;0,095;4,00
1178;0,99;3,35;0,66;0,25;12,70;0,087;7,00
1179;0,99;3,68;0,73;0,52;11,40;0,090;5,00
1180;1,00;3,27;0,81;0,64;11,00;0,101;6,00
1181;1,00;3,27;0,81;0,95;11,00;0,096;6,00
1182;0,99;3,19;0,46;0,50;11,40;0,097;5,00
1183;1,00;3,38;0,86;0,02;10,50;0,096;6,00
1184;1,00;3,29;0,60;0,67;9,30;0,114;5,00
1185;1,00;3,36;0,70;0,60;10,90;0,099;5,00
1186;0,99;3,33;0,46;0,03;11,90;0,093;6,00
1187;1,00;3,52;0,50;0,76;12,20;0,082;5,00
1188;0,99;3,33;0,46;0,58;11,90;0,089;6,00
1189;1,00;3,36;0,70;0,93;10,90;0,101;5,00
1190;1,00;3,30;0,44;0,67;9,60;0,110;4,00
1191;1,00;3,28;0,57;0,01;12,50;0,087;6,00
1192;1,00;3,56;0,51;0,08;10,80;0,102;5,00
1193;0,99;3,52;0,80;0,51;12,40;0,089;7,00
1194;1,00;3,56;0,51;0,18;10,80;0,100;5,00
1195;1,00;3,22;0,59;0,79;9,50;0,115;6,00
1196;1,00;3,52;0,60;0,82;9,50;0,105;6,00
1197;1,00;3,21;0,58;0,05;9,50;0,111;6,00
1198;0,99;3,16;0,54;0,56;9,80;0,107;6,00
1199;1,00;3,15;0,79;0,28;10,90;0,097;6,00
1200;1,00;3,21;0,58;0,48;9,50;0,108;6,00
1201;0,99;3,16;0,54;0,24;9,80;0,103;6,00
1202;0,99;3,27;0,54;0,37;11,20;0,091;7,00
1203;1,00;3,35;0,69;0,39;11,70;0,093;8,00
1204;1,00;3,14;0,55;0,76;9,40;0,116;5,00
1205;1,00;3,40;0,85;0,30;11,00;0,095;7,00
1206;1,00;3,40;0,85;0,16;11,00;0,095;7,00
1207;1,00;3,40;0,85;0,02;11,00;0,092;7,00
1208;1,00;3,35;0,94;0,32;10,00;0,105;5,00
1209;1,00;3,40;0,85;0,67;11,00;0,098;7,00
1210;0,99;3,45;0,87;0,87;11,20;0,095;7,00
1211;0,99;3,35;0,62;0,74;10,40;0,096;6,00
1212;1,00;3,32;0,62;0,58;9,30;0,117;5,00
1213;0,99;3,35;0,62;0,38;10,40;0,106;6,00
1214;1,00;3,15;0,75;0,12;10,50;0,096;6,00
1215;1,00;3,10;0,48;0,64;10,40;0,102;6,00
1216;0,99;3,26;0,56;0,83;11,30;0,092;6,00
1217;1,00;3,29;0,69;0,54;9,50;0,114;6,00
1218;0,99;3,23;0,81;0,45;12,00;0,086;6,00
1219;1,00;3,24;0,69;0,94;10,60;0,096;6,00
1220;0,99;3,20;0,83;0,88;10,90;0,092;6,00
1221;1,00;3,28;0,77;0,55;11,50;0,093;6,00
1222;1,00;3,28;0,77;0,48;11,50;0,089;6,00
1223;1,00;3,26;0,46;0,18;9,60;0,110;6,00
1224;1,00;3,23;0,76;0,48;12,00;0,087;6,00
1225;1,00;3,07;0,82;0,08;10,30;0,097;6,00
1226;1,00;3,15;0,51;0,69;9,40;0,115;5,00
1227;1,00;3,02;0,47;0,94;9,20;0,117;5,00
1228;1,00;3,27;0,72;0,75;9,60;0,108;5,00
1229;0,99;3,68;0,73;0,36;13,60;0,074;7,00
1230;1,00;3,40;0,64;0,52;9,50;0,105;5,00
1231;0,99;3,37;0,78;0,76;11,80;0,093;6,00
1232;1,00;3,38;0,62;0,13;10,80;0,097;5,00
1233;1,00;3,40;0,64;0,72;9,50;0,113;5,00
1234;1,00;3,23;0,49;0,60;9,30;0,116;4,00
1235;0,99;3,39;0,40;0,87;12,80;0,079;6,00
1236;1,00;3,30;0,56;0,94;11,50;0,097;4,00
1237;1,00;3,26;0,64;0,67;9,40;0,116;6,00
1238;0,99;3,39;0,40;0,79;12,80;0,083;6,00
1239;1,00;3,38;0,46;0,29;9,60;0,108;4,00
1240;0,99;3,45;0,56;0,46;11,80;0,092;4,00
1241;0,99;3,10;0,40;0,91;9,30;0,114;5,00
1242;1,00;3,16;0,59;0,36;9,80;0,104;5,00
1243;0,99;3,22;0,60;0,12;12,20;0,089;6,00
1244;1,00;3,37;0,62;0,27;9,50;0,107;5,00
1245;1,00;3,33;0,54;0,18;10,30;0,106;6,00
1246;1,00;3,49;0,68;0,82;10,50;0,099;5,00
1247;1,00;3,12;0,48;0,13;10,00;0,109;5,00
1248;1,00;3,49;0,68;0,79;10,50;0,098;5,00
1249;0,99;3,41;0,75;0,53;11,10;0,094;6,00
1250;1,00;3,40;0,61;0,07;10,90;0,100;6,00
1251;1,00;3,40;0,61;0,65;10,90;0,095;6,00
1252;1,00;3,28;0,59;0,15;9,80;0,105;5,00
1253;1,00;3,45;0,58;0,87;9,80;0,103;5,00
1254;1,00;3,43;0,58;0,93;9,50;0,115;5,00
1255;1,00;3,40;0,69;0,60;10,90;0,099;5,00
1256;0,99;3,47;0,45;0,18;11,00;0,095;5,00
1257;0,99;3,10;0,42;0,75;9,20;0,111;5,00
1258;1,00;3,32;0,70;0,56;11,00;0,097;6,00
1259;1,00;3,44;0,63;0,08;11,30;0,090;6,00
1260;1,00;3,44;0,63;0,80;11,30;0,097;6,00
1261;1,00;3,02;1,15;0,33;9,30;0,116;5,00
1262;0,99;3,59;0,55;0,47;11,20;0,098;4,00
1263;1,00;3,15;0,58;0,88;9,80;0,109;5,00
1264;1,00;3,37;0,46;0,48;9,60;0,109;4,00
1265;0,99;3,38;0,72;0,77;11,80;0,085;6,00
1266;1,00;3,38;0,60;0,61;10,30;0,098;6,00
1267;1,00;3,38;0,60;0,04;10,30;0,100;6,00
1268;1,00;3,10;0,87;0,91;11,40;0,092;6,00
1269;1,00;3,47;0,55;0,05;9,50;0,108;6,00
1270;0,99;3,50;0,82;0,56;14,00;0,075;8,00
1271;0,99;3,70;0,75;0,09;14,00;0,076;6,00
1272;0,99;3,38;0,57;0,65;11,70;0,093;6,00
1273;0,99;3,50;0,53;0,11;11,20;0,091;5,00
1274;0,99;3,10;0,43;0,50;9,30;0,113;5,00
1275;0,99;3,24;0,53;0,91;11,20;0,092;6,00
1276;1,00;3,24;0,54;0,87;9,50;0,114;6,00
1277;1,00;3,28;0,56;0,40;12,00;0,089;4,00
1278;1,00;3,35;0,60;0,59;9,70;0,111;6,00
1279;1,00;3,24;0,54;0,86;9,50;0,107;6,00
1280;0,99;3,14;0,57;0,24;11,50;0,088;7,00
1281;1,00;3,37;0,64;0,32;10,40;0,097;6,00
1282;1,00;3,37;0,64;0,78;10,40;0,106;6,00
1283;1,00;3,33;0,68;0,39;10,90;0,093;6,00
1284;1,00;3,26;0,63;0,52;10,20;0,102;6,00
1285;0,99;3,39;0,56;0,96;10,90;0,101;5,00
1286;1,00;3,15;0,57;0,31;10,50;0,103;5,00
1287;0,99;3,35;0,54;0,58;12,40;0,090;6,00
1288;0,99;3,22;0,37;0,21;13,00;0,080;5,00
1289;1,00;3,30;1,17;0,03;10,20;0,102;5,00
1290;1,00;3,30;1,17;0,54;10,20;0,098;5,00
1291;1,00;3,36;0,59;0,58;11,00;0,096;5,00
1292;1,00;3,29;0,75;0,86;10,90;0,095;6,00
1293;0,99;3,62;0,67;0,23;12,40;0,087;6,00
1294;1,00;3,34;0,49;0,73;9,70;0,108;4,00
1295;1,00;3,29;0,75;0,80;10,90;0,092;6,00
1296;1,00;3,20;0,45;0,06;9,50;0,114;5,00
1297;1,00;3,20;0,45;0,05;9,50;0,107;5,00
1298;0,99;3,35;0,61;0,08;12,10;0,091;6,00
1299;0,99;3,45;0,56;0,23;12,20;0,089;6,00
1300;0,99;3,50;0,40;0,64;10,90;0,094;3,00
1301;0,99;3,78;0,61;0,68;12,50;0,087;6,00
1302;1,00;3,60;0,74;0,57;11,70;0,094;6,00
1303;1,00;3,30;0,80;0,69;11,20;0,092;6,00
1304;1,00;3,36;0,66;0,84;11,20;0,096;5,00
1305;1,00;3,12;0,44;0,95;9,20;0,109;5,00
1306;1,00;3,30;0,53;0,83;9,80;0,111;5,00
1307;1,00;3,29;0,62;0,77;10,10;0,109;5,00
1308;1,00;3,41;0,52;0,17;11,10;0,093;4,00
1309;1,00;3,29;0,62;0,89;10,10;0,105;5,00
1310;1,00;3,28;0,61;0,69;9,20;0,118;5,00
1311;1,00;3,30;0,53;0,73;9,80;0,106;5,00
1312;0,99;3,33;0,59;0,43;12,80;0,084;6,00
1313;1,00;3,34;0,47;0,88;10,50;0,100;5,00
1314;1,00;3,40;0,54;0,51;10,10;0,107;6,00
1315;1,00;3,40;0,53;0,11;10,10;0,102;6,00
1316;1,00;3,26;0,58;0,59;9,80;0,109;6,00
1317;0,99;4,01;0,59;0,91;12,50;0,089;6,00
1318;1,00;3,18;0,69;0,00;11,90;0,092;6,00
1319;1,00;3,26;0,58;0,61;9,80;0,112;6,00
1320;1,00;2,90;1,33;0,69;9,10;0,112;6,00
1321;1,00;3,26;0,66;0,36;10,10;0,102;5,00
1322;0,99;4,01;0,59;0,58;12,50;0,089;6,00
1323;0,99;3,18;0,55;0,28;11,40;0,093;5,00
1324;0,99;3,18;0,82;0,55;11,00;0,096;7,00
1325;0,99;3,39;0,60;0,36;10,60;0,096;6,00
1326;0,99;3,39;0,60;0,54;10,60;0,102;6,00
1327;0,99;3,39;0,60;0,49;10,60;0,103;6,00
1328;0,99;3,39;0,60;0,15;10,60;0,102;6,00
1329;1,00;3,34;0,52;0,84;9,30;0,113;5,00
1330;1,00;3,29;0,56;0,08;9,80;0,105;6,00
1331;1,00;3,29;0,56;0,86;9,80;0,104;6,00
1332;1,00;3,26;0,46;0,93;9,20;0,114;5,00
1333;1,00;3,09;0,43;0,77;9,70;0,111;6,00
1334;1,00;3,18;0,51;0,05;9,60;0,111;5,00
1335;1,00;3,39;0,52;0,49;10,00;0,104;5,00
1336;0,99;3,38;0,66;0,62;12,60;0,086;6,00
1337;0,99;3,36;0,45;0,07;9,50;0,109;5,00
1338;0,99;3,36;0,45;0,21;9,50;0,107;5,00
1339;0,99;3,36;0,45;0,96;9,50;0,113;5,00
1340;1,00;3,36;0,54;0,97;10,50;0,099;6,00
1341;1,00;3,36;0,54;0,60;10,50;0,100;6,00
1342;1,00;3,36;0,54;0,64;10,50;0,105;6,00
1343;1,00;3,37;0,51;0,07;10,40;0,098;6,00
1344;1,00;3,36;0,54;0,93;10,50;0,103;6,00
1345;1,00;3,09;0,53;0,57;11,00;0,100;5,00
1346;1,00;3,25;0,53;0,84;10,20;0,106;6,00
1347;0,99;3,52;0,56;0,22;11,40;0,091;5,00
1348;1,00;3,34;0,39;0,08;9,50;0,114;5,00
1349;1,00;3,34;0,39;0,85;9,50;0,109;5,00
1350;1,00;3,41;0,52;0,50;10,80;0,098;5,00
1351;1,00;3,34;0,57;0,81;10,00;0,102;5,00
1352;0,99;3,32;0,51;0,09;11,80;0,091;6,00
1353;1,00;3,37;0,46;0,20;10,30;0,106;5,00
1354;1,00;3,37;0,46;0,76;10,30;0,097;5,00
1355;1,00;3,35;0,52;0,47;10,00;0,108;5,00
1356;0,99;3,36;0,44;0,19;10,10;0,108;5,00
1357;0,99;3,36;0,44;0,34;10,10;0,099;5,00
1358;1,00;3,60;0,59;0,31;11,10;0,093;6,00
1359;1,00;3,28;0,50;0,76;9,50;0,115;5,00
1360;1,00;3,07;0,65;0,93;10,03;0,100;6,00
1361;1,00;3,24;0,56;0,62;10,90;0,099;5,00
1362;1,00;3,36;0,54;0,98;10,10;0,099;5,00
1363;1,00;3,07;0,65;0,05;10,03;0,105;6,00
1364;1,00;3,29;0,48;0,26;9,80;0,112;4,00
1365;1,00;3,46;0,53;0,75;11,80;0,091;6,00
1366;1,00;3,18;0,62;0,79;9,50;0,113;5,00
1367;1,00;3,24;0,50;0,16;9,80;0,112;5,00
1368;1,00;3,25;1,18;0,98;10,50;0,100;6,00
1369;1,00;3,27;0,50;0,37;9,80;0,111;6,00
1370;0,99;;0,37;0,05;10,40;0,103;4,00
1371;1,00;;1,17;0,91;9,20;0,111;5,00
1372;0,99;;1,03;0,70;11,60;0,092;6,00
1373;1,00;;1,17;0,89;9,20;0,115;5,00
1374;1,00;3,24;0,45;0,45;9,30;0,108;5,00
1375;0,99;3,32;0,51;0,36;9,80;0,107;3,00
1376;1,00;3,26;0,52;0,12;9,90;0,110;5,00
1377;0,99;3,11;0,46;0,88;10,00;0,102;5,00
1378;1,00;3,71;0,62;0,69;12,20;0,086;6,00
1379;1,00;3,29;0,51;0,83;9,90;0,105;6,00
1380;1,00;3,36;0,62;0,32;10,80;0,098;6,00
1381;1,00;3,36;0,62;0,82;10,80;0,101;6,00
1382;1,00;3,38;0,45;0,90;9,60;0,104;5,00
1383;1,00;3,30;0,49;0,14;9,90;0,111;5,00
1384;1,00;3,30;0,49;0,82;9,90;0,105;5,00
1385;1,00;3,19;0,50;0,33;9,50;0,114;5,00
1386;1,00;3,19;0,42;0,51;9,20;0,115;5,00
1387;1,00;3,30;0,58;0,28;9,60;0,105;5,00
1388;1,00;3,30;0,58;0,21;9,60;0,107;5,00
1389;1,00;3,35;0,68;0,92;10,30;0,098;5,00
1390;1,00;3,10;0,53;0,35;9,70;0,113;5,00
1391;0,99;3,58;0,59;0,22;12,50;0,082;6,00
1392;1,00;3,37;0,58;0,68;11,00;0,097;5,00
1393;0,99;3,17;0,48;0,63;9,80;0,110;5,00
1394;1,00;3,30;0,48;0,92;10,20;0,099;5,00
1395;1,00;3,32;0,48;0,47;9,20;0,109;5,00
1396;1,00;;0,65;0,16;9,55;0,107;6,00
1397;1,00;3,31;0,65;0,71;9,55;0,106;5,00
1398;1,00;3,28;0,52;0,10;9,90;0,103;5,00
1399;1,00;3,52;0,62;0,83;10,20;0,101;7,00
1400;1,00;3,42;0,72;0,14;11,10;0,096;6,00
1401;1,00;3,25;0,51;0,07;9,90;0,102;5,00
1402;1,00;3,25;0,51;0,59;9,90;0,108;5,00
1403;1,00;3,44;0,82;0,81;11,90;0,091;6,00
1404;1,00;3,23;1,10;0,99;10,00;0,105;8,00
1405;1,00;3,43;0,62;0,17;10,70;0,103;6,00
1406;1,00;3,28;0,90;0,52;11,30;0,095;7,00
1407;1,00;3,22;0,94;0,97;10,90;0,097;6,00
1408;1,00;3,54;0,93;0,53;10,70;0,100;6,00
1409;1,00;3,27;1,01;0,74;12,40;0,086;7,00
1410;1,00;3,54;0,93;0,92;10,70;0,103;6,00
1411;0,99;3,50;0,44;0,74;11,90;0,093;6,00
1412;1,00;3,56;0,73;0,11;10,60;0,099;6,00
1413;1,00;3,22;0,94;0,73;10,90;0,096;6,00
1414;1,00;3,04;0,90;0,43;10,10;0,103;5,00
1415;1,00;3,20;0,78;0,28;9,60;0,111;5,00
1416;1,00;3,56;0,84;0,88;9,40;0,113;5,00
1417;1,00;3,20;0,78;0,18;9,60;0,106;5,00
1418;1,00;3,35;0,77;0,32;12,10;0,091;7,00
1419;1,00;3,16;0,46;0,56;9,80;0,103;5,00
1420;1,00;3,27;0,45;0,53;9,90;0,109;5,00
1421;1,00;3,16;0,46;0,90;9,80;0,104;5,00
1422;1,00;3,34;0,58;0,84;9,40;0,107;5,00
1423;1,00;3,39;0,84;0,69;11,40;0,088;6,00
1424;1,00;3,50;0,67;0,76;11,00;0,096;4,00
1425;1,00;3,26;0,70;0,33;9,60;0,106;6,00
1426;1,00;3,26;0,70;0,47;9,60;0,111;6,00
1427;1,00;3,41;0,71;0,64;12,10;0,091;6,00
1428;1,00;3,30;0,58;0,38;11,20;0,091;5,00
1429;1,00;3,31;0,63;0,55;11,00;0,098;5,00
1430;1,00;3,33;0,93;0,76;11,30;0,096;5,00
1431;1,00;3,37;0,62;0,03;10,40;0,097;5,00
1432;1,00;3,26;0,54;0,92;9,90;0,108;6,00
1433;0,99;3,48;0,85;0,59;11,70;0,086;6,00
1434;1,00;3,42;0,74;0,75;10,10;0,103;7,00
1435;1,00;3,18;0,77;0,99;9,00;0,113;6,00
1436;1,00;3,18;0,77;0,11;9,00;0,112;6,00
1437;1,00;3,15;0,65;0,18;8,50;0,127;5,00
1438;1,00;3,53;0,54;0,81;11,10;0,095;5,00
1439;1,00;3,41;0,47;0,50;10,30;0,098;5,00
1440;1,00;3,32;0,68;0,84;11,07;0,091;6,00
1441;0,99;3,23;0,73;0,27;11,30;0,091;7,00
1442;1,00;3,16;0,52;0,90;9,57;0,114;6,00
1443;1,00;3,40;0,75;0,27;9,80;0,107;5,00
1444;0,99;3,38;0,49;0,31;11,70;0,095;5,00
1445;1,00;3,32;0,68;0,68;11,10;0,095;6,00
1446;1,00;3,16;0,52;0,87;9,60;0,106;6,00
1447;1,00;3,40;0,75;0,07;9,80;0,104;5,00
1448;1,00;3,40;0,74;0,46;9,70;0,109;5,00
1449;1,00;3,40;0,73;0,21;9,70;0,106;5,00
1450;0,99;3,23;0,76;0,55;11,30;0,093;8,00
1451;0,99;3,23;0,73;0,67;11,30;0,098;7,00
1452;1,00;3,33;0,78;0,93;11,00;0,095;7,00
1453;0,99;3,35;0,76;0,34;11,60;0,091;7,00
1454;1,00;3,41;0,58;0,32;9,00;0,113;5,00
1455;1,00;3,21;0,69;0,54;10,90;0,092;6,00
1456;0,99;3,50;0,63;0,89;10,90;0,099;6,00
1457;0,99;3,30;0,50;0,98;10,55;0,098;6,00
1458;1,00;3,41;0,58;0,79;9,00;0,120;5,00
1459;1,00;3,39;0,60;0,54;10,50;0,102;5,00
1460;0,99;3,32;0,80;0,69;11,90;0,090;7,00
1461;1,00;3,41;0,68;0,25;10,40;0,100;6,00
1462;1,00;3,59;0,61;0,77;10,00;0,107;4,00
1463;1,00;3,36;0,58;0,79;10,40;0,101;6,00
1464;1,00;3,34;0,53;0,58;10,80;0,099;6,00
1465;1,00;3,41;0,67;0,61;9,70;0,110;5,00
1466;1,00;3,41;0,67;0,27;9,70;0,106;5,00
1467;1,00;3,30;0,65;0,55;10,00;0,103;7,00
1468;1,00;3,52;0,57;0,35;11,00;0,097;4,00
1469;1,00;3,30;0,65;0,50;10,00;0,109;7,00
1470;1,00;3,31;0,55;0,24;9,70;0,105;3,00
1471;1,00;2,88;0,47;0,22;9,70;0,113;5,00
1472;0,99;3,43;0,52;0,21;12,60;0,084;5,00
1473;1,00;3,38;0,79;0,44;11,10;0,100;6,00
1474;0,99;3,38;0,54;0,91;11,00;0,093;5,00
1475;1,00;3,16;0,75;0,13;8,80;0,115;5,00
1476;0,99;3,54;0,88;0,71;13,57;0,078;7,00
1477;1,00;3,16;0,75;0,26;8,80;0,122;5,00
1478;0,99;3,54;0,88;0,90;13,60;0,081;7,00
1479;1,00;3,40;0,52;0,96;10,20;0,101;3,00
1480;1,00;3,39;0,68;0,75;10,60;0,100;5,00
1481;0,99;3,66;0,62;0,86;10,10;0,099;4,00
1482;1,00;3,39;0,68;0,01;10,60;0,097;5,00
1483;1,00;3,33;0,57;0,58;10,30;0,099;4,00
1484;1,00;3,35;0,61;0,94;10,70;0,094;5,00
1485;1,00;3,53;0,64;0,16;10,90;0,095;4,00
1486;1,00;3,37;0,55;0,59;9,70;0,104;5,00
1487;1,00;3,38;0,60;0,75;10,30;0,106;5,00
1488;0,99;3,52;0,78;0,37;10,60;0,101;5,00
1489;0,99;3,72;0,58;0,46;11,40;0,092;5,00
1490;0,99;3,44;0,76;0,73;10,80;0,093;6,00
1491;0,99;3,39;0,56;0,47;12,40;0,082;6,00
1492;0,99;3,72;0,58;0,33;11,40;0,096;5,00
1493;0,99;3,57;0,54;0,74;11,95;0,085;5,00
1494;1,00;3,26;0,59;0,94;9,70;0,105;5,00
1495;0,99;3,42;0,70;0,32;10,00;0,102;7,00
1496;0,99;3,35;0,81;0,64;10,60;0,096;6,00
1497;1,00;3,26;0,59;0,74;9,70;0,105;5,00
1498;1,00;3,45;0,63;0,02;11,50;0,093;6,00
1499;1,00;3,53;0,58;0,57;10,80;0,101;6,00
1500;1,00;3,45;0,63;0,40;11,50;0,091;6,00
1501;1,00;3,26;0,53;0,58;9,60;0,112;5,00
1502;1,00;3,16;0,53;0,84;9,40;0,115;5,00
1503;1,00;3,31;0,54;0,58;9,80;0,110;5,00
1504;1,00;3,51;0,69;0,47;11,00;0,096;6,00
1505;1,00;3,36;0,55;0,03;11,40;0,095;6,00
1506;1,00;3,55;0,63;0,18;9,95;0,102;3,00
1507;1,00;3,51;0,66;0,53;10,80;0,100;6,00
1508;1,00;3,36;0,55;0,32;11,40;0,096;6,00
1509;1,00;3,38;0,72;0,26;10,60;0,097;6,00
1510;0,99;3,28;0,70;0,31;11,10;0,097;5,00
1511;1,00;3,47;0,77;0,58;9,70;0,104;6,00
1512;1,00;3,44;0,67;0,62;9,80;0,111;5,00
1513;1,00;3,53;0,65;0,83;10,40;0,097;6,00
1514;0,99;3,33;0,60;0,04;10,50;0,100;6,00
1515;1,00;3,53;0,72;0,20;9,23;0,115;6,00
1516;1,00;3,53;0,72;0,86;9,25;0,113;6,00
1517;1,00;3,42;0,97;0,72;10,60;0,104;5,00
1518;0,99;3,38;0,83;0,19;10,30;0,104;6,00
1519;1,00;3,32;0,63;0,62;10,50;0,097;5,00
1520;1,00;3,44;0,58;0,96;10,20;0,102;5,00
1521;0,99;3,38;0,83;0,13;10,30;0,100;6,00
1522;1,00;3,39;0,43;0,65;9,05;0,117;4,00
1523;1,00;3,42;0,97;0,50;10,60;0,101;5,00
1524;1,00;3,34;0,60;0,99;10,40;0,097;5,00
1525;1,00;3,39;0,78;0,32;10,00;0,105;6,00
1526;1,00;3,33;0,64;0,48;9,70;0,104;5,00
1527;1,00;3,30;0,65;0,67;9,60;0,112;6,00
1528;1,00;3,29;0,66;0,43;10,80;0,099;6,00
1529;1,00;3,31;0,67;0,34;10,10;0,105;6,00
1530;1,00;3,42;0,60;0,46;10,20;0,104;6,00
1531;0,99;3,42;0,69;0,49;11,30;0,092;6,00
1532;1,00;3,60;0,66;0,54;10,20;0,098;5,00
1533;1,00;3,21;0,68;0,24;9,90;0,111;6,00
1534;1,00;3,39;0,61;0,23;9,00;0,114;5,00
1535;0,99;3,42;0,62;0,15;11,70;0,095;7,00
1536;1,00;3,36;0,59;0,76;9,70;0,106;6,00
1537;1,00;3,60;0,68;0,90;10,30;0,103;6,00
1538;0,99;3,50;0,64;0,82;10,20;0,108;6,00
1539;1,00;3,57;0,63;0,75;12,00;0,087;5,00
1540;1,00;3,46;0,78;0,36;9,90;0,104;5,00
1541;1,00;3,56;0,63;0,35;11,60;0,093;6,00
1542;1,00;3,40;0,76;0,94;10,90;0,100;7,00
1543;0,99;3,30;0,56;0,52;10,75;0,100;6,00
1544;1,00;3,25;0,57;0,73;10,40;0,100;6,00
1545;1,00;3,17;0,81;0,53;11,20;0,095;7,00
1546;1,00;3,36;0,64;0,12;10,10;0,101;6,00
1547;1,00;3,36;0,61;0,64;10,20;0,098;5,00
1548;0,99;3,55;0,51;0,52;12,10;0,092;5,00
1549;1,00;3,10;0,58;0,28;10,40;0,099;5,00
1550;0,99;3,24;0,70;0,11;11,40;0,096;8,00
1551;1,00;3,45;0,53;0,36;9,50;0,110;5,00
1552;1,00;3,44;0,54;0,02;9,40;0,116;5,00
1553;1,00;3,51;0,66;0,00;11,30;0,090;6,00
1554;1,00;3,41;0,60;0,49;9,40;0,109;5,00
1555;1,00;3,54;0,60;0,02;11,00;0,101;6,00
1556;1,00;3,44;0,68;0,18;10,55;0,098;7,00
1557;1,00;3,53;0,56;0,72;9,90;0,105;5,00
1558;1,00;3,54;0,60;0,33;11,00;0,097;6,00
1559;1,00;3,22;0,56;0,22;9,50;0,112;5,00
1560;1,00;3,21;0,52;0,31;9,90;0,110;5,00
1561;1,00;3,21;0,52;0,17;9,90;0,108;5,00
1562;1,00;3,21;0,52;0,42;9,90;0,111;5,00
1563;1,00;3,29;0,54;0,89;10,10;0,101;5,00
1564;1,00;3,29;0,54;0,26;10,10;0,107;5,00
1565;1,00;3,29;0,54;0,74;10,10;0,103;5,00
1566;0,99;3,39;0,82;0,32;10,90;0,101;6,00
1567;0,99;3,34;0,71;0,72;11,20;0,096;6,00
1568;1,00;3,29;0,54;0,01;10,10;0,108;5,00
1569;1,00;3,34;0,59;0,06;9,20;0,112;5,00
1570;0,99;3,48;0,57;0,54;11,50;0,092;6,00
1571;0,99;3,37;0,93;0,88;12,40;0,088;6,00
1572;1,00;3,44;0,65;0,48;11,10;0,098;6,00
1573;1,00;3,33;0,51;0,35;9,50;0,110;5,00
1574;0,99;3,58;0,67;0,07;12,50;0,081;6,00
1575;1,00;3,39;0,48;0,12;10,50;0,098;6,00
1576;0,99;3,26;0,64;0,24;11,80;0,085;6,00
1577;1,00;3,30;0,78;0,04;10,80;0,093;6,00
1578;1,00;3,54;0,60;0,30;11,90;0,094;6,00
1579;1,00;3,42;0,67;0,29;11,30;0,092;6,00
1580;0,99;3,54;0,60;0,95;11,30;0,094;5,00
1581;0,99;3,36;0,60;0,28;11,90;0,086;6,00
1582;0,99;3,54;0,60;0,21;11,30;0,098;5,00
1583;0,99;3,57;0,50;0,72;11,90;0,093;5,00
1584;1,00;3,33;0,62;0,91;9,80;0,105;5,00
1586;0,99;3,30;0,84;0,82;11,50;0,096;6,00
1587;0,99;3,34;0,85;0,23;11,40;0,094;6,00
1588;0,99;3,55;0,66;0,03;10,90;0,101;6,00
1589;0,99;;0,78;0,20;12,80;0,082;6,00
1590;1,00;3,29;0,54;0,55;9,20;0,109;5,00
1591;0,99;3,32;0,82;0,85;11,60;0,089;6,00
1592;0,99;3,67;0,56;0,38;11,60;0,087;6,00
1593;1,00;3,42;0,75;0,75;11,00;0,098;6,00
1594;1,00;3,42;0,82;0,05;9,50;0,110;6,00
1595;0,99;;0,58;0,98;10,50;0,102;5,00
1596;1,00;3,52;0,76;0,82;11,20;0,090;6,00
1597;1,00;3,42;0,75;0,71;11,00;0,095;6,00
1598;1,00;3,57;0,71;0,33;10,20;0,104;5,00
1599;1,00;3,39;0,66;0,17;11,00;0,099;6,00
;;;;;;;
;;;;;;;
;;;;;;;
