ID;fixed acidity;volatile acidity;citric acid
1;7;0,27;0,36
2;6,3;0,3;0,34
3;8,1;0,28;0,4
4;7,2;0,23;0,32
5;7,2;0,23;0,32
6;8,1;0,28;0,4
7;6,2;0,32;0,16
8;7;0,27;0,36
9;6,3;0,3;0,34
10;8,1;0,22;0,43
11;8,1;0,27;0,41
12;8,6;0,23;0,4
13;7,9;0,18;0,37
14;6,6;0,16;0,4
15;8,3;0,42;0,62
16;6,6;0,17;0,38
17;6,3;0,48;0,04
18;6,2;0,66;0,48
19;7,4;0,34;0,42
20;6,5;0,31;0,14
21;6,2;0,66;0,48
22;6,4;0,31;0,38
23;6,8;0,26;0,42
24;7,6;0,67;0,14
25;6,6;0,27;0,41
26;7;0,25;0,32
27;6,9;0,24;0,35
28;7;0,28;0,39
29;7,4;0,27;0,48
30;7,2;0,32;0,36
31;8,5;0,24;0,39
32;8,3;0,14;0,34
33;7,4;0,25;0,36
34;6,2;0,12;0,34
35;5,8;0,27;0,2
36;7,3;0,28;0,43
37;6,5;0,39;0,23
38;7;0,33;0,32
39;7,3;0,24;0,39
40;7,3;0,24;0,39
41;6,7;0,23;0,39
42;6,7;0,24;0,39
43;7;0,31;0,26
44;6,6;0,24;0,27
45;6,7;0,23;0,26
46;7,4;0,18;0,31
47;6,2;0,45;0,26
48;6,2;0,46;0,25
49;7;0,31;0,26
50;6,9;0,19;0,35
51;7,2;0,19;0,31
52;6,6;0,25;0,29
53;6,2;0,16;0,33
54;6,4;0,18;0,35
55;6,8;0,2;0,59
56;6,9;0,25;0,35
57;7,2;0,21;0,34
58;6;0,19;0,26
59;6,6;0,38;0,15
60;7,4;0,2;0,36
61;6,8;0,22;0,24
62;6;0,19;0,26
63;7;0,47;0,07
64;6,6;0,38;0,15
65;7,2;0,24;0,27
66;6,2;0,35;0,03
67;6,4;0,26;0,24
68;6,7;0,25;0,13
69;6,7;0,23;0,31
70;7,4;0,24;0,29
71;6,2;0,27;0,43
72;6,8;0,3;0,23
73;6;0,27;0,28
74;8,6;0,23;0,46
75;6,7;0,23;0,31
76;7,4;0,24;0,29
77;7,1;0,18;0,36
78;7;0,32;0,34
79;7,4;0,18;0,3
80;6,7;0,54;0,28
81;6,8;0,22;0,31
82;7,1;0,2;0,34
83;7,1;0,34;0,2
84;7,3;0,22;0,3
85;7,1;0,43;0,61
86;7,1;0,44;0,62
87;7,2;0,39;0,63
88;6,8;0,25;0,31
89;7,1;0,43;0,61
90;7,1;0,44;0,62
91;7,2;0,39;0,63
92;6,1;0,27;0,43
93;6,9;0,24;0,33
94;6,9;0,21;0,33
95;7,5;0,17;0,32
96;7,1;0,26;0,29
97;6;0,34;0,66
98;8,6;0,265;0,36
99;9,8;0,36;0,46
100;6;0,34;0,66
101;7,4;0,25;0,37
102;7,1;0,12;0,32
103;6;0,21;0,24
104;7,5;0,305;0,4
105;7,4;0,25;0,37
106;7,3;0,13;0,32
107;7,1;0,12;0,32
108;7,1;0,23;0,35
109;7,1;0,23;0,35
110;6,9;0,33;0,28
111;6,5;0,17;0,54
112;7,2;0,27;0,46
113;7,2;0,31;0,5
114;6,7;0,41;0,34
115;6,7;0,41;0,34
116;5,5;0,485;0
117;6;0,31;0,24
118;7;0,14;0,4
119;7,2;0,31;0,5
120;7,3;0,32;0,48
121;5,9;0,36;0,04
122;7,8;0,24;0,32
123;7,4;0,16;0,31
124;6,9;0,19;0,28
125;6,4;0,13;0,47
126;6,7;0,19;0,36
127;7,4;0,39;0,23
128;6,5;0,24;0,32
129;6,1;0,3;0,56
130;6,1;0,3;0,56
131;5,7;0,26;0,25
132;6,5;0,24;0,32
133;6,5;0,425;0,4
134;6,6;0,24;0,27
135;6,8;0,27;0,22
136;6,7;0,27;0,31
137;8,2;0,23;0,4
138;7,1;0,37;0,67
139;6,8;0,19;0,36
140;8,1;0,28;0,39
141;6,3;0,31;0,34
142;7,1;0,37;0,67
143;7,9;0,21;0,4
144;8,5;0,21;0,41
145;8,1;0,2;0,4
146;6,3;0,255;0,37
147;5,6;0,16;0,27
148;6,4;0,595;0,14
149;6,3;0,34;0,33
150;6,9;0,25;0,3
151;7,9;0,22;0,38
152;7,6;0,18;0,46
153;6,9;0,25;0,3
154;7,2;0,18;0,41
155;8,2;0,23;0,4
156;7,4;0,24;0,42
157;7,4;0,24;0,42
158;6,1;0,32;0,24
159;5,2;0,44;0,04
160;5,2;0,44;0,04
161;6,1;0,32;0,24
162;6,4;0,22;0,56
163;6,3;0,36;0,3
164;7,4;0,24;0,42
165;6,7;0,24;0,35
166;7;0,23;0,36
167;8,4;0,27;0,46
168;6,7;0,46;0,18
169;7,5;0,29;0,31
170;9,8;0,42;0,48
171;7,1;0,3;0,46
172;7,9;0,19;0,45
173;7,6;0,48;0,37
174;6,3;0,22;0,43
175;7,5;0,27;0,31
176;6,9;0,23;0,4
177;7,2;0,32;0,47
178;5,9;0,23;0,3
179;6;0,67;0,07
180;6,4;0,25;0,32
181;6,4;0,33;0,31
182;7,1;0,34;0,15
183;6,8;0,28;0,4
184;6,9;0,27;0,4
185;6,8;0,26;0,56
186;6,8;0,29;0,56
187;6,7;0,24;0,41
188;5,9;0,3;0,23
189;6,8;0,53;0,35
190;6,5;0,28;0,28
191;6,6;0,28;0,28
192;6,8;0,28;0,4
193;6,8;0,28;0,36
194;6,6;0,15;0,34
195;6,4;0,29;0,44
196;6,4;0,3;0,45
197;6,4;0,29;0,44
198;6,8;0,26;0,24
199;7,1;0,32;0,24
200;6,8;0,26;0,24
201;6,8;0,27;0,26
202;7,1;0,32;0,24
203;6,9;0,54;0,32
204;6,8;0,26;0,34
205;5,8;0,28;0,35
206;6,4;0,21;0,5
207;7;0,16;0,32
208;10,2;0,44;0,88
209;6,8;0,57;0,29
210;6,1;0,4;0,31
211;5,6;0,245;0,25
212;6,8;0,18;0,38
213;7;0,16;0,32
214;6,7;0,13;0,29
215;6,2;0,25;0,25
216;5,8;0,26;0,24
217;7,5;0,27;0,36
218;5,8;0,26;0,24
219;5,7;0,28;0,24
220;7,5;0,23;0,36
221;7,5;0,27;0,36
222;7,2;0,685;0,21
223;6,2;0,25;0,25
224;6,5;0,19;0,3
225;6,3;0,495;0,22
226;7,1;0,24;0,41
227;6,4;0,17;0,32
228;7,1;0,25;0,32
229;6,4;0,17;0,32
230;7,1;0,24;0,41
231;6,8;0,64;0,08
232;8,3;0,28;0,4
233;8,2;0,27;0,39
234;7,2;0,23;0,38
235;7,2;0,23;0,38
236;7,2;0,23;0,38
237;7,2;0,23;0,38
238;6,8;0,52;0,32
239;7;0,26;0,59
240;6,2;0,25;0,21
241;7,3;0,32;0,23
242;7,7;0,31;0,26
243;7,1;0,21;0,37
244;6,8;0,24;0,34
245;6,9;0,4;0,56
246;6,1;0,18;0,36
247;6,8;0,21;0,27
248;5,8;0,2;0,27
249;5,6;0,19;0,26
250;6,1;0,41;0,14
251;5,9;0,21;0,28
252;8,5;0,26;0,21
253;6,9;0,4;0,56
254;5,8;0,24;0,44
255;5,8;0,24;0,39
256;6,7;0,26;0,39
257;6,3;0,35;0,3
258;6,3;0,35;0,3
259;6,4;0,23;0,39
260;5,8;0,36;0,38
261;6,9;0,115;0,35
262;6,9;0,29;0,4
263;6,9;0,28;0,4
264;7,2;0,29;0,4
265;6,2;0,24;0,35
266;6,9;0,29;0,4
267;6,9;0,32;0,26
268;5,3;0,58;0,07
269;5,3;0,585;0,07
270;5,4;0,59;0,07
271;6,9;0,32;0,26
272;5,2;0,6;0,07
273;5,8;0,25;0,26
274;6,6;0,58;0,3
275;7;0,29;0,54
276;6,6;0,19;0,41
277;6,7;0,2;0,41
278;7,7;0,26;0,4
279;6,8;0,32;0,34
280;7;0,3;0,49
281;7;0,24;0,36
282;6,1;0,31;0,58
283;6,8;0,44;0,37
284;6,7;0,34;0,3
285;7,1;0,35;0,24
286;7,3;0,32;0,25
287;6,5;0,28;0,33
288;7,2;0,23;0,39
289;7,2;0,23;0,39
290;7,2;0,23;0,39
291;7,2;0,23;0,39
292;5,9;0,15;0,31
293;7,4;0,28;0,42
294;6,2;0,28;0,22
295;9,1;0,59;0,38
296;6,3;0,33;0,27
297;8,3;0,39;0,7
298;7,2;0,19;0,46
299;7,5;0,17;0,44
300;6,7;0,17;0,5
301;6,1;0,41;0
302;8,3;0,2;0,35
303;6,1;0,41;0
304;6;0,29;0,21
305;7,3;0,41;0,24
306;7,3;0,41;0,24
307;7,2;0,43;0,24
308;7,3;0,4;0,24
309;6,2;0,33;0,27
310;6,2;0,31;0,26
311;6,1;0,36;0,27
312;5;0,55;0,14
313;7,8;0,25;0,41
314;5,7;0,36;0,21
315;5,8;0,34;0,21
316;6,8;0,28;0,6
317;6,8;0,25;0,34
318;6,6;0,24;0,35
319;5,9;0,3;0,47
320;6,1;0,125;0,25
321;6;0,1;0,24
322;6,6;0,24;0,35
323;6,8;0,25;0,34
324;6,8;0,28;0,44
325;8,3;0,41;0,51
326;7,5;0,27;0,31
327;7,9;0,26;0,41
328;6,4;0,34;0,23
329;6,5;0,28;0,35
330;7,2;0,21;0,41
331;6,4;0,32;0,35
332;6,8;0,24;0,34
333;6,3;0,23;0,3
334;6,5;0,28;0,34
335;5,6;0,26;0,26
336;6,3;0,23;0,3
337;6,3;0,23;0,33
338;5,8;0,27;0,27
339;5,9;0,26;0,4
340;6,6;0,18;0,35
341;7,4;0,2;0,43
342;8;0,24;0,36
343;6,4;0,26;0,42
344;5,4;0,31;0,47
345;5,4;0,29;0,47
346;7,1;0,145;0,33
347;5,6;0,34;0,1
348;6,7;0,19;0,41
349;7,8;0,18;0,46
350;7,6;0,17;0,45
351;6,3;0,12;0,36
352;7,3;0,33;0,4
353;5,5;0,335;0,3
354;7,3;0,33;0,4
355;5,8;0,4;0,42
356;7,3;0,22;0,37
357;7,3;0,22;0,37
358;6,1;0,36;0,33
359;10;0,2;0,39
360;6,9;0,24;0,34
361;6,4;0,24;0,32
362;7,1;0,365;0,14
363;6,8;0,15;0,3
364;7,3;0,22;0,37
365;6,8;0,16;0,4
366;6;0,26;0,32
367;6;0,18;0,27
368;6,9;0,33;0,21
369;7,7;0,29;0,48
370;7,1;0,39;0,35
371;6,9;0,33;0,21
372;7,7;0,29;0,48
373;6,6;0,905;0,19
374;7,2;0,27;0,27
375;5,1;0,33;0,22
376;5,1;0,33;0,22
377;6,4;0,31;0,28
378;7,3;0,2;0,44
379;5,7;0,32;0,5
380;6,4;0,31;0,28
381;7,3;0,2;0,44
382;7,2;0,28;0,26
383;7,5;0,35;0,28
384;7,2;0,27;0,27
385;6;0,36;0,39
386;5,1;0,33;0,22
387;5;0,17;0,56
388;6,3;0,39;0,35
389;6,7;0,21;0,32
390;7;0,3;0,38
391;7;0,3;0,38
392;6,5;0,36;0,32
393;6,1;0,55;0,15
394;7,3;0,24;0,43
395;6,8;0,37;0,51
396;6,8;0,27;0,12
397;8,2;0,28;0,42
398;6,3;0,2;0,4
399;5,9;0,26;0,27
400;6,4;0,19;0,42
401;6,3;0,2;0,4
402;6,8;0,37;0,51
403;6,1;0,35;0,07
404;7,1;0,27;0,31
405;6,8;0,22;0,31
406;6,8;0,27;0,12
407;5,8;0,28;0,34
408;6,9;0,49;0,24
409;6,3;0,14;0,39
410;8,2;0,28;0,42
411;7,2;0,25;0,39
412;7,3;0,28;0,36
413;7,2;0,19;0,39
414;7,2;0,19;0,39
415;7,2;0,25;0,39
416;7,3;0,28;0,36
417;7,4;0,21;0,27
418;6,8;0,26;0,22
419;7,4;0,21;0,27
420;7,4;0,31;0,28
421;7;0,22;0,31
422;7;0,21;0,28
423;7;0,21;0,28
424;7;0,21;0,28
425;6,9;0,23;0,38
426;7;0,21;0,28
427;7;0,21;0,28
428;6,8;0,29;0,5
429;7,8;0,21;0,27
430;7,1;0,31;0,47
431;6,8;0,29;0,5
432;6,4;0,34;0,1
433;7,4;0,155;0,34
434;7,2;0,55;0,09
435;7;0,23;0,36
436;6,9;0,2;0,37
437;6,1;0,28;0,32
438;6,6;0,16;0,32
439;7,4;0,155;0,34
440;6,2;0,35;0,04
441;6,7;0,22;0,37
442;6,1;0,38;0,2
443;6;0,25;0,28
444;6,6;0,52;0,44
445;6,9;0,24;0,36
446;7,1;0,32;0,32
447;5,8;0,28;0,27
448;6,5;0,41;0,24
449;6,5;0,41;0,24
450;6,4;0,28;0,29
451;7,2;0,6;0,2
452;6,1;0,2;0,25
453;5,9;0,46;0,14
454;6;0,27;0,27
455;6,4;0,28;0,29
456;6,4;0,41;0,24
457;6,3;0,23;0,31
458;7,1;0,21;0,27
459;6;0,37;0,32
460;6,1;0,43;0,35
461;7,1;0,21;0,27
462;7;0,25;0,29
463;5,9;0,25;0,19
464;6,8;0,32;0,21
465;7,2;0,39;0,62
466;6,3;0,21;0,58
467;7;0,14;0,32
468;6,8;0,32;0,21
469;7,2;0,39;0,62
470;7,2;0,29;0,53
471;8,6;0,37;0,7
472;6,5;0,38;0,34
473;6,6;0,24;0,29
474;7;0,17;0,31
475;5,5;0,16;0,22
476;7;0,24;0,51
477;7,4;0,28;0,36
478;7;0,22;0,28
479;7,1;0,55;0,13
480;6,3;0,22;0,33
481;6,7;0,47;0,34
482;5,9;0,36;0,41
483;5,8;0,25;0,24
484;6,7;0,47;0,34
485;6,2;0,37;0,3
486;6,2;0,18;0,38
487;6;0,16;0,37
488;6,6;0,34;0,28
489;7,4;0,29;0,29
490;7,4;0,26;0,31
491;7;0,28;0,36
492;7,1;0,23;0,39
493;7,8;0,19;0,26
494;6,3;0,19;0,28
495;6,8;0,2;0,38
496;5,7;0,44;0,13
497;7,2;0,4;0,62
498;6,8;0,23;0,32
499;5,7;0,335;0,34
500;7,2;0,4;0,62
501;7,2;0,28;0,54
502;6,8;0,19;0,58
503;6,4;0,3;0,3
504;6,5;0,3;0,29
505;7,8;0,18;0,31
506;7,8;0,18;0,31
507;7,3;0,51;0,26
508;6;0,24;0,27
509;5,9;0,62;0,28
510;6;0,24;0,27
511;6,7;0,27;0,12
512;7,8;0,34;0,35
513;7,3;0,26;0,36
514;7,4;0,36;0,33
515;7,8;0,28;0,32
516;6,1;0,31;0,26
517;6,8;0,18;0,37
518;7,4;0,15;0,42
519;5,9;0,13;0,28
520;7,2;0,34;0,34
521;7,9;0,19;0,26
522;7,9;0,19;0,26
523;6,9;0,25;0,4
524;5,8;0,36;0,32
525;5,6;0,35;0,37
526;5,9;0,32;0,39
527;7,2;0,31;0,46
528;6,1;0,28;0,22
529;5,2;0,36;0,02
530;5,6;0,19;0,47
531;6,4;0,1;0,35
532;6,4;0,18;0,48
533;7,4;0,25;0,36
534;7,4;0,25;0,36
535;7,4;0,25;0,36
536;7,9;0,345;0,51
537;7,9;0,345;0,51
538;7,4;0,25;0,36
539;6,1;0,24;0,3
540;6,8;0,25;0,24
541;6,7;0,31;0,31
542;7,2;0,46;0,65
543;5,5;0,35;0,35
544;6,7;0,24;0,41
545;6,8;0,28;0,17
546;6,4;0,16;0,22
547;6,3;0,26;0,24
548;7,7;0,22;0,42
549;6,5;0,18;0,31
550;7,2;0,46;0,65
551;7;0,3;0,51
552;9,2;0,25;0,34
553;7,8;0,28;0,34
554;7;0,3;0,51
555;7,8;0,28;0,34
556;9,2;0,25;0,34
557;8,4;0,35;0,71
558;6,1;0,41;0,24
559;5,9;0,21;0,24
560;7,2;0,34;0,44
561;6,7;0,21;0,42
562;5,9;0,37;0,1
563;7,7;0,34;0,27
564;7,4;0,3;0,22
565;6,8;0,51;0,3
566;7,8;0,22;0,38
567;7,2;0,35;0,34
568;6;0,26;0,5
569;6,1;0,26;0,51
570;6,5;0,28;0,27
571;7,4;0,41;0,66
572;6,5;0,28;0,29
573;6,7;0,34;0,54
574;7,2;0,2;0,34
575;7,4;0,2;0,33
576;8,2;0,22;0,3
577;8,2;0,23;0,29
578;7,1;0,22;0,33
579;6,5;0,28;0,29
580;6;0,38;0,26
581;7,4;0,41;0,66
582;5,7;0,18;0,22
583;7,3;0,3;0,22
584;7,4;0,24;0,22
585;6,6;0,25;0,3
586;7,4;0,24;0,22
587;7,4;0,26;0,3
588;6,1;0,32;0,25
589;6,9;0,28;0,27
590;7;0,23;0,33
591;7,1;0,31;0,5
592;7,3;0,2;0,37
593;6,9;0,41;0,33
594;6,4;0,45;0,07
595;6,4;0,475;0,06
596;6,3;0,27;0,38
597;6,9;0,41;0,33
598;7;0,29;0,37
599;5,9;0,27;0,29
600;6,9;0,19;0,4
601;6,7;0,3;0,35
602;7,2;0,24;0,4
603;6,4;0,45;0,07
604;6,4;0,475;0,06
605;6,3;0,26;0,49
606;6,3;0,26;0,49
607;7,3;0,25;0,29
608;7,3;0,25;0,29
609;6,1;0,28;0,25
610;7,4;0,37;0,35
611;6,5;0,36;0,28
612;7,4;0,24;0,4
613;7,5;0,23;0,68
614;7,5;0,21;0,68
615;7,5;0,21;0,68
616;7,5;0,23;0,68
617;7,8;0,32;0,33
618;7,8;0,26;0,27
619;7,7;0,24;0,27
620;7,4;0,19;0,3
621;6,5;0,46;0,41
622;6,5;0,26;0,43
623;5,3;0,32;0,12
624;7,2;0,24;0,34
625;6;0,36;0,06
626;6,2;0,24;0,29
627;7,6;0,56;0,12
628;7;0,32;0,24
629;7;0,32;0,24
630;5,8;0,31;0,33
631;7;0,23;0,42
632;7;0,23;0,42
633;6,9;0,24;0,33
634;6;0,29;0,2
635;6,1;0,17;0,28
636;5,9;0,14;0,25
637;6,2;0,17;0,28
638;7,4;0,28;0,25
639;5,6;0,35;0,14
640;5,8;0,335;0,14
641;5,6;0,235;0,29
642;6,1;0,28;0,25
643;6,3;0,21;0,33
644;6,4;0,24;0,28
645;6,4;0,24;0,29
646;6,3;0,26;0,25
647;6,5;0,33;0,72
648;7,4;0,105;0,34
649;6;0,32;0,12
650;7,1;0,26;0,34
651;7,1;0,26;0,34
652;7,1;0,26;0,34
653;7,1;0,26;0,34
654;5,9;0,24;0,26
655;6,5;0,21;0,37
656;7,7;0,27;0,35
657;9;0,27;0,35
658;7,3;0,34;0,21
659;6,6;0,27;0,25
660;6,8;0,29;0,16
661;7,1;0,28;0,26
662;6,8;0,25;0,34
663;7;0,57;0,1
664;7,1;0,28;0,26
665;7,1;0,17;0,38
666;7,8;0,28;0,22
667;6,8;0,22;0,37
668;7,1;0,17;0,38
669;6,1;0,14;0,25
670;6,4;0,24;0,5
671;7,8;0,42;0,26
672;6,6;0,28;0,36
673;7,1;0,32;0,34
674;6,7;0,31;0,3
675;6,4;0,32;0,5
676;6,1;0,28;0,25
677;5,9;0,29;0,25
678;5,8;0,32;0,38
679;5,8;0,32;0,38
680;5,7;0,32;0,38
681;6,7;0,28;0,14
682;6,8;0,34;0,69
683;5,9;0,25;0,25
684;6,4;0,27;0,32
685;8,1;0,46;0,31
686;6,2;0,36;0,26
687;6,8;0,22;0,35
688;6,8;0,67;0,3
689;7,2;0,28;0,3
690;6,7;0,17;0,37
691;6,9;0,2;0,34
692;6,1;0,36;0,16
693;6;0,36;0,16
694;5,9;0,37;0,14
695;7,6;0,29;0,58
696;6,3;0,34;0,28
697;6,7;0,19;0,34
698;7,5;0,31;0,51
699;7,5;0,31;0,51
700;7,4;0,31;0,48
701;8,4;0,4;0,7
702;5,9;0,34;0,22
703;6,6;0,38;0,18
704;6,4;0,33;0,28
705;5,6;0,25;0,26
706;8,6;0,27;0,46
707;6,2;0,31;0,21
708;7,2;0,18;0,45
709;7,7;0,2;0,44
710;6,2;0,47;0,21
711;6,1;0,25;0,24
712;8,2;0,27;0,43
713;8,2;0,27;0,43
714;6,4;0,31;0,39
715;6;0,39;0,26
716;6,2;0,21;0,27
717;7,7;0,42;0,31
718;7;0,27;0,41
719;6,2;0,21;0,27
720;7,4;0,29;0,5
721;6,6;0,29;0,44
722;6;0,3;0,44
723;6,9;0,31;0,34
724;6,6;0,33;0,31
725;7,8;0,3;0,4
726;6,4;0,39;0,21
727;6,4;0,24;0,31
728;7;0,21;0,34
729;6,4;0,16;0,31
730;6;0,33;0,27
731;6,5;0,23;0,33
732;6,2;0,25;0,48
733;8,8;0,28;0,45
734;6,6;0,25;0,3
735;6,9;0,38;0,25
736;6,4;0,25;0,3
737;6,6;0,25;0,3
738;6,9;0,38;0,25
739;7,1;0,21;0,31
740;6,4;0,25;0,3
741;6,9;0,39;0,4
742;5,8;0,2;0,3
743;7;0,2;0,37
744;5,9;0,26;0,25
745;7,4;0,38;0,27
746;7,4;0,2;1,66
747;7;0,21;0,34
748;7,2;0,29;0,4
749;6,9;0,18;0,38
750;7,3;0,3;0,42
751;7,2;0,29;0,4
752;6,9;0,2;0,5
753;6,7;0,2;0,42
754;7;0,21;0,34
755;5,9;0,35;0,47
756;7,1;0,28;0,44
757;5,8;0,25;0,28
758;6,8;0,22;0,37
759;7,1;0,14;0,4
760;7,1;0,13;0,4
761;6,9;0,18;0,38
762;7;0,2;0,38
763;6,8;0,24;0,49
764;5;0,44;0,04
765;6,3;0,3;0,28
766;7,2;0,27;0,42
767;6,7;0,5;0,63
768;6,8;0,2;0,36
769;6,7;0,11;0,34
770;6,7;0,11;0,34
771;6,8;0,12;0,31
772;6,6;0,16;0,57
773;6,6;0,21;0,6
774;6,1;0,27;0,3
775;9,1;0,27;0,45
776;6,4;0,225;0,48
777;8,3;0,14;0,45
778;7,2;0,23;0,19
779;6,9;0,22;0,37
780;8,1;0,17;0,44
781;6;0,395;0
782;7,8;0,29;0,22
783;6,9;0,22;0,37
784;8,1;0,17;0,44
785;7,2;0,23;0,19
786;7,6;0,3;0,27
787;7,7;0,34;0,28
788;7,7;0,34;0,28
789;5,8;0,34;0,16
790;7,6;0,3;0,27
791;7,7;0,34;0,28
792;5,9;0,24;0,3
793;6,4;0,46;0,08
794;5,9;0,24;0,3
795;7,4;0,32;0,27
796;7,2;0,31;0,26
797;7,8;0,42;0,23
798;6,9;0,24;0,33
799;5,4;0,18;0,24
800;6;0,18;0,31
801;7,8;0,27;0,58
802;6;0,28;0,49
803;6,8;0,39;0,35
804;6,6;0,21;0,31
805;7,3;0,32;0,34
806;7,8;0,27;0,58
807;6,4;0,31;0,26
808;6,2;0,29;0,26
809;6;0,39;0,17
810;6,2;0,3;0,26
811;6;0,28;0,49
812;6;0,41;0,05
813;6,4;0,35;0,28
814;6,5;0,26;0,32
815;7,9;0,35;0,24
816;6,2;0,3;0,17
817;8,4;0,18;0,42
818;6,6;0,56;0,22
819;6,2;0,3;0,17
820;6,6;0,56;0,22
821;6,6;0,36;0,29
822;7,3;0,655;0,2
823;6,8;0,18;0,21
824;6,7;0,19;0,23
825;8,4;0,18;0,42
826;7;0,21;0,37
827;6,8;0,25;0,38
828;7,4;0,24;0,36
829;7,1;0,16;0,36
830;7,1;0,16;0,36
831;7,3;0,205;0,31
832;7,4;0,17;0,4
833;7,3;0,3;0,34
834;6,9;0,25;0,34
835;7,3;0,205;0,31
836;7,5;0,42;0,34
837;7,3;0,25;0,36
838;7,3;0,25;0,36
839;7,3;0,25;0,36
840;7,5;0,34;0,35
841;7,6;0,33;0,35
842;8,7;0,23;0,32
843;8,7;0,23;0,32
844;6,9;0,19;0,35
845;7,3;0,21;0,29
846;7,3;0,21;0,29
847;6,6;0,22;0,37
848;9,2;0,34;0,27
849;8,7;0,23;0,32
850;6;0,2;0,24
851;6,9;0,19;0,35
852;8,2;0,38;0,49
853;6,9;0,18;0,36
854;7,7;0,34;0,58
855;6,9;0,18;0,36
856;7,4;0,2;0,35
857;8,2;0,38;0,49
858;8,2;0,4;0,48
859;6,7;0,22;0,39
860;6,6;0,3;0,3
861;8,1;0,27;0,35
862;7,3;0,25;0,42
863;4,8;0,34;0
864;6,2;0,28;0,33
865;4,8;0,33;0
866;6,1;0,27;0,33
867;6,9;0,18;0,36
868;7,8;0,18;0,46
869;7,3;0,28;0,42
870;7,3;0,24;0,29
871;6;0,45;0,65
872;7,7;0,34;0,58
873;6,3;0,26;0,21
874;10,3;0,17;0,47
875;7,7;0,15;0,29
876;7,1;0,21;0,32
877;6,9;0,36;0,34
878;6;0,28;0,34
879;6,2;0,16;0,54
880;6,9;0,12;0,36
881;7,1;0,21;0,32
882;8,8;0,36;0,44
883;7,4;0,26;0,43
884;7,4;0,26;0,43
885;6,8;0,23;0,29
886;6,1;0,34;0,27
887;7,3;0,26;0,31
888;6,5;0,3;0,32
889;7,3;0,26;0,31
890;6,5;0,3;0,32
891;5;0,31;0
892;5,8;0,26;0,18
893;5,9;0,26;0,3
894;7;0,31;0,29
895;5,8;0,26;0,18
896;5,6;0,19;0,39
897;6,8;0,18;0,28
898;7;0,29;0,26
899;6,6;0,26;0,29
900;6,8;0,18;0,28
901;6,6;0,2;0,38
902;8;0,29;0,29
903;6,1;0,28;0,35
904;5,9;0,31;0,3
905;6,9;0,21;0,28
906;8,4;0,19;0,42
907;8,3;0,27;0,45
908;7,1;0,25;0,39
909;8;0,23;0,37
910;7,5;0,24;0,31
911;6,3;0,33;0,2
912;6,2;0,33;0,19
913;6,3;0,34;0,19
914;5,8;0,29;0,05
915;8;0,32;0,26
916;5,6;0,29;0,05
917;7,4;0,13;0,39
918;7,7;0,3;0,32
919;7;0,24;0,34
920;8,6;0,18;0,4
921;7;0,11;0,32
922;7,7;0,32;0,62
923;7,7;0,32;0,62
924;6,5;0,26;0,27
925;7,9;0,28;0,41
926;6,3;0,27;0,23
927;5,4;0,595;0,1
928;6,7;0,25;0,33
929;6,5;0,25;0,35
930;6,1;0,36;0,58
931;7,7;0,17;0,52
932;6,4;0,26;0,43
933;6,5;0,26;0,28
934;5,9;0,29;0,33
935;6,2;0,28;0,43
936;6,1;0,27;0,44
937;6,4;0,43;0,32
938;6,1;0,36;0,58
939;6,2;0,35;0,29
940;7,7;0,24;0,29
941;6,2;0,34;0,28
942;6,3;0,27;0,46
943;5,4;0,415;0,19
944;6,9;0,48;0,36
945;6,5;0,18;0,33
946;6,7;0,15;0,29
947;8,2;0,345;1
948;8,5;0,16;0,35
949;6,8;0,705;0,25
950;7,3;0,25;0,39
951;7,6;0,345;0,26
952;7,6;0,22;0,34
953;6,5;0,17;0,33
954;8,2;0,23;0,37
955;7,6;0,22;0,34
956;7,6;0,345;0,26
957;7,5;0,32;0,26
958;6,6;0,23;0,32
959;6,6;0,2;0,32
960;7,3;0,24;0,34
961;7,3;0,24;0,34
962;8;0,42;0,36
963;7,3;0,24;0,34
964;6,1;0,19;0,25
965;5,9;0,26;0,21
966;8,3;0,23;0,43
967;6,5;0,34;0,28
968;6,8;0,22;0,35
969;6,5;0,08;0,33
970;5,5;0,42;0,09
971;5,1;0,42;0,01
972;6;0,27;0,19
973;6,8;0,22;0,35
974;6,5;0,08;0,33
975;7,1;0,13;0,38
976;7,6;0,3;0,25
977;6,6;0,13;0,3
978;6,5;0,14;0,33
979;7,7;0,28;0,33
980;6;0,2;0,71
981;6;0,19;0,71
982;7,7;0,28;0,33
983;5,1;0,39;0,21
984;5,7;0,36;0,34
985;6,9;0,19;0,33
986;6;0,41;0,21
987;7,4;0,28;0,3
988;7,4;0,3;0,3
989;6,9;0,19;0,33
990;7,7;0,28;0,39
991;8,6;0,16;0,38
992;8,2;0,26;0,44
993;6,5;0,25;0,27
994;7;0,24;0,18
995;8,6;0,18;0,36
996;7,8;0,27;0,34
997;6;0,26;0,34
998;6,1;0,24;0,27
999;8;0,24;0,3
1000;7,6;0,21;0,6
1001;8;0,19;0,36
1002;6,4;0,28;0,41
1003;6,4;0,28;0,43
1004;6,9;0,24;0,39
1005;5,8;0,36;0,26
1006;6,6;0,18;0,28
1007;5,8;0,36;0,26
1008;5,1;0,52;0,06
1009;6,6;0,22;0,37
1010;8,3;0,15;0,39
1011;7,6;0,16;0,44
1012;7,7;0,16;0,41
1013;8,3;0,16;0,48
1014;6,2;0,25;0,47
1015;6,1;0,16;0,27
1016;7,6;0,39;0,22
1017;6,8;0,37;0,47
1018;7,6;0,16;0,44
1019;7,1;0,18;0,42
1020;8,3;0,14;0,26
1021;8,6;0,2;0,42
1022;8,6;0,2;0,42
1023;6,8;0,19;0,32
1024;7,6;0,19;0,38
1025;6,8;0,34;0,74
1026;6,2;0,15;0,46
1027;6,6;0,14;0,44
1028;8;0,55;0,17
1029;7;0,24;0,35
1030;6,3;0,6;0,44
1031;7,1;0,2;0,41
1032;6,2;0,34;0,29
1033;7,1;0,3;0,36
1034;7,1;0,3;0,36
1035;7,9;0,64;0,46
1036;8,8;0,17;0,38
1037;7,5;0,17;0,37
1038;7,1;0,47;0,24
1039;7,1;0,15;0,34
1040;7,5;0,17;0,34
1041;8,2;0,68;0,3
1042;7,7;0,275;0,3
1043;7,3;0,49;0,32
1044;7,5;0,33;0,48
1045;7,2;0,21;0,37
1046;7,3;0,15;0,4
1047;6,5;0,19;0,1
1048;7;0,31;0,52
1049;8,3;0,4;0,38
1050;6,1;0,37;0,36
1051;7,3;0,24;0,34
1052;6,9;0,21;0,81
1053;7,6;0,29;0,42
1054;9,4;0,29;0,55
1055;7;0,31;0,52
1056;8,6;0,26;0,41
1057;7,5;0,21;0,34
1058;7,2;0,51;0,24
1059;7,5;0,21;0,34
1060;5,3;0,3;0,2
1061;8;0,26;0,36
1062;7;0,21;0,28
1063;6,7;0,26;0,26
1064;6,7;0,26;0,26
1065;8,1;0,26;0,37
1066;8,3;0,22;0,38
1067;6,4;0,3;0,51
1068;7,5;0,19;0,34
1069;8,8;0,33;0,44
1070;6,9;0,2;0,36
1071;8;0,37;0,32
1072;8,3;0,22;0,38
1073;8,2;0,29;0,33
1074;7,7;0,34;0,3
1075;6,2;0,55;0,45
1076;6,4;0,4;0,19
1077;7,5;0,28;0,33
1078;7,8;0,26;0,44
1079;6,5;0,26;0,34
1080;6,3;0,34;0,29
1081;6,8;0,15;0,33
1082;6,3;0,27;0,25
1083;6,3;0,27;0,25
1084;7,4;0,2;0,37
1085;6,3;0,23;0,21
1086;7,3;0,31;0,69
1087;5,2;0,24;0,45
1088;7;0,24;0,32
1089;7,4;0,2;0,37
1090;7;0,17;0,33
1091;8,3;0,21;0,58
1092;7,2;0,21;0,35
1093;7,1;0,21;0,4
1094;8,4;0,17;0,31
1095;7,4;0,24;0,31
1096;5,3;0,24;0,33
1097;6,5;0,28;0,26
1098;6,3;0,23;0,21
1099;6,5;0,29;0,25
1100;5,8;0,29;0,21
1101;6,3;0,27;0,25
1102;6,3;0,17;0,42
1103;6,3;0,16;0,4
1104;7,9;0,29;0,39
1105;7,3;0,31;0,69
1106;5,5;0,32;0,45
1107;5,2;0,24;0,45
1108;7,2;0,37;0,15
1109;6,1;0,29;0,27
1110;9,2;0,22;0,4
1111;7,2;0,37;0,15
1112;8;0,18;0,37
1113;6,5;0,22;0,34
1114;7,4;0,18;0,4
1115;6,5;0,52;0,17
1116;7;0,15;0,38
1117;5,9;0,415;0,13
1118;8,1;0,45;0,34
1119;5,8;0,415;0,13
1120;6,4;0,5;0,16
1121;6,7;0,105;0,32
1122;6;0,4;0,3
1123;6,6;0,25;0,39
1124;9,8;0,36;0,45
1125;9,6;0,23;0,4
1126;6,3;0,55;0,45
1127;6,5;0,115;0,29
1128;6,4;0,125;0,29
1129;5,7;0,1;0,27
1130;7,9;0,25;0,29
1131;6,9;0,2;0,28
1132;6,9;0,23;0,34
1133;6,8;0,39;0,31
1134;8,7;0,22;0,42
1135;7,4;0,41;0,34
1136;6,7;0,25;0,34
1137;6;0,26;0,42
1138;6,1;0,31;0,37
1139;9,2;0,28;0,46
1140;9;0,31;0,49
1141;8,5;0,16;0,33
1142;9,3;0,34;0,49
1143;9,2;0,28;0,46
1144;7,2;0,24;0,3
1145;7,2;0,25;0,32
1146;6,8;0,32;0,18
1147;9,1;0,27;0,32
1148;8,9;0,34;0,32
1149;7;0,17;0,37
1150;6,7;0,25;0,23
1151;6,9;0,32;0,17
1152;6,8;0,32;0,18
1153;6,1;0,6;0
1154;5,3;0,395;0,07
1155;7,9;0,16;0,3
1156;7,6;0,33;0,36
1157;7,8;0,3;0,29
1158;7,8;0,3;0,29
1159;5,7;0,26;0,27
1160;7,8;0,3;0,29
1161;7,5;0,14;0,34
1162;7,8;0,3;0,29
1163;6,6;0,25;0,41
1164;5,7;0,26;0,27
1165;8,2;0,23;0,49
1166;6;0,24;0,32
1167;6,1;0,45;0,27
1168;7,4;0,23;0,43
1169;7,2;0,2;0,38
1170;7,5;0,14;0,34
1171;7,7;0,25;0,43
1172;8,2;0,61;0,45
1173;7,6;0,21;0,44
1174;7,4;0,22;0,33
1175;7,2;0,26;0,26
1176;6,4;0,25;0,41
1177;6,3;0,32;0,35
1178;6,8;0,25;0,29
1179;9,8;0,44;0,4
1180;7,2;0,2;0,25
1181;8,2;0,61;0,45
1182;7,5;0,42;0,45
1183;7,4;0,22;0,33
1184;6,4;0,26;0,3
1185;7,9;0,46;0,32
1186;6,5;0,41;0,64
1187;7,5;0,32;0,37
1188;6,6;0,21;0,38
1189;7,1;0,21;0,3
1190;7,6;0,26;0,47
1191;7,6;0,21;0,44
1192;6,9;0,25;0,26
1193;7,1;0,26;0,32
1194;7,3;0,22;0,4
1195;6,2;0,37;0,22
1196;7,9;0,22;0,45
1197;6,9;0,25;0,26
1198;7,3;0,22;0,4
1199;7,1;0,26;0,32
1200;7,4;0,25;0,37
1201;6,8;0,18;0,37
1202;7;0,17;0,37
1203;6,4;0,3;0,38
1204;5;0,33;0,16
1205;5;0,33;0,16
1206;8,9;0,33;0,32
1207;7;0,26;0,46
1208;6,4;0,3;0,38
1209;6,3;0,21;0,4
1210;8;0,23;0,46
1211;9,2;0,28;0,41
1212;7,3;0,27;0,39
1213;7,6;0,32;0,36
1214;5;0,33;0,16
1215;9,7;0,24;0,45
1216;8;0,28;0,42
1217;8,2;0,37;0,36
1218;8;0,61;0,38
1219;7,2;0,26;0,44
1220;8,2;0,37;0,36
1221;6,4;0,23;0,33
1222;5,9;0,4;0,32
1223;7,6;0,28;0,39
1224;8;0,28;0,42
1225;7,2;0,23;0,39
1226;6,8;0,32;0,37
1227;7,2;0,23;0,39
1228;6,9;0,18;0,38
1229;9,4;0,26;0,53
1230;8,3;0,33;0,42
1231;7,3;0,29;0,3
1232;7,9;0,41;0,37
1233;7,9;0,44;0,37
1234;7,7;0,39;0,3
1235;7,7;0,26;0,31
1236;7,8;0,32;0,31
1237;6,8;0,32;0,37
1238;7,3;0,24;0,39
1239;7,1;0,44;0,37
1240;10,3;0,25;0,48
1241;7,9;0,14;0,28
1242;7,4;0,18;0,42
1243;8,1;0,43;0,42
1244;7,1;0,44;0,37
1245;6,4;0,26;0,22
1246;8;0,66;0,72
1247;8;0,2;0,4
1248;7,2;0,21;0,34
1249;7,2;0,18;0,31
1250;8,4;0,57;0,44
1251;5,3;0,26;0,23
1252;5,7;0,245;0,33
1253;5,6;0,245;0,32
1254;7,3;0,25;0,41
1255;7;0,16;0,73
1256;6,4;0,22;0,34
1257;7,3;0,18;0,65
1258;6,4;0,17;0,27
1259;6,9;0,29;0,16
1260;6,2;0,21;0,38
1261;6,4;0,23;0,3
1262;7,3;0,19;0,68
1263;7,3;0,18;0,65
1264;9,6;0,29;0,46
1265;7,2;0,14;0,35
1266;6,9;0,31;0,34
1267;7,5;0,28;0,34
1268;8;0,22;0,42
1269;7,6;0,31;0,29
1270;8,4;0,35;0,56
1271;8;0,22;0,42
1272;8,1;0,5;0,47
1273;7;0,39;0,31
1274;8,1;0,5;0,47
1275;8,4;0,35;0,56
1276;6,2;0,22;0,27
1277;8;0,22;0,42
1278;7,6;0,31;0,29
1279;7;0,24;0,36
1280;6,6;0,27;0,3
1281;7,8;0,16;0,41
1282;7,7;0,27;0,34
1283;7,4;0,31;0,74
1284;8;0,45;0,36
1285;7,7;0,27;0,34
1286;7,8;0,16;0,41
1287;6,6;0,16;0,29
1288;8,3;0,21;0,4
1289;7,2;0,32;0,33
1290;6,6;0,16;0,3
1291;8,4;0,16;0,33
1292;7,5;0,23;0,32
1293;6,2;0,17;0,3
1294;6,9;0,39;0,22
1295;6,9;0,41;0,22
1296;7,5;0,23;0,32
1297;7,5;0,38;0,33
1298;7,3;0,42;0,38
1299;7,3;0,34;0,39
1300;7,8;0,23;0,28
1301;9;0,245;0,38
1302;6,9;0,2;0,4
1303;7,4;0,19;0,42
1304;8,2;0,2;0,36
1305;8;0,59;0,71
1306;7,9;0,14;0,45
1307;6,8;0,24;0,4
1308;9,7;0,14;0,59
1309;9,2;0,15;0,68
1310;9,4;0,17;0,55
1311;5,2;0,365;0,08
1312;6,3;0,23;0,22
1313;9,6;0,25;0,54
1314;9,2;0,32;0,42
1315;6,4;0,31;0,4
1316;8,1;0,2;0,36
1317;7,9;0,255;0,26
1318;7;0,15;0,34
1319;6,4;0,15;0,31
1320;6,4;0,25;0,53
1321;7,6;0,19;0,42
1322;7,3;0,43;0,37
1323;5,1;0,31;0,3
1324;6,2;0,2;0,26
1325;6,9;0,16;0,35
1326;7,7;0,32;0,48
1327;6,5;0,22;0,72
1328;6,8;0,26;0,33
1329;5,2;0,37;0,33
1330;8,4;0,19;0,43
1331;8,3;0,21;0,41
1332;6,8;0,15;0,32
1333;7,9;0,16;0,64
1334;7,8;0,21;0,39
1335;9;0,24;0,5
1336;5,7;0,21;0,24
1337;7,8;0,29;0,36
1338;6,7;0,18;0,3
1339;6,7;0,18;0,3
1340;8,4;0,58;0,27
1341;7,2;0,16;0,32
1342;7,6;0,54;0,23
1343;8,4;0,58;0,27
1344;6,6;0,25;0,31
1345;7,3;0,23;0,37
1346;7,3;0,39;0,37
1347;7;0,46;0,39
1348;8,2;0,35;0,4
1349;7,8;0,29;0,36
1350;9,2;0,35;0,39
1351;8;0,57;0,39
1352;6,5;0,37;0,33
1353;5,7;0,21;0,24
1354;6,7;0,18;0,3
1355;7,8;0,13;0,3
1356;7,6;0,19;0,41
1357;7,3;0,22;0,41
1358;6,3;0,29;0,4
1359;6,8;0,35;0,32
1360;6,5;0,19;0,32
1361;6,2;0,12;0,26
1362;6;0,13;0,28
1363;6,4;0,25;0,33
1364;6,9;0,32;0,16
1365;7,6;0,19;0,41
1366;6,7;0,13;0,28
1367;7;0,14;0,41
1368;7,6;0,27;0,24
1369;7,3;0,22;0,41
1370;7,4;0,64;0,47
1371;7,6;0,28;0,39
1372;8,3;0,26;0,41
1373;10,7;0,22;0,56
1374;10,7;0,22;0,56
1375;6,9;0,23;0,34
1376;6,2;0,3;0,32
1377;6,9;0,27;0,41
1378;6,9;0,28;0,41
1379;6,9;0,28;0,3
1380;6,9;0,46;0,2
1381;6,9;0,38;0,32
1382;5,7;0,43;0,3
1383;6,6;0,56;0,16
1384;7,1;0,36;0,56
1385;6,8;0,23;0,4
1386;6,2;0,33;0,29
1387;5,6;0,49;0,13
1388;6,6;0,42;0,33
1389;7,3;0,18;0,29
1390;8,1;0,19;0,4
1391;5,9;0,19;0,26
1392;6,2;0,16;0,47
1393;6,6;0,42;0,33
1394;5,7;0,135;0,3
1395;5,6;0,49;0,13
1396;6,9;0,19;0,33
1397;7,3;0,18;0,29
1398;7,3;0,25;0,36
1399;7,3;0,25;0,36
1400;7;0,2;0,34
1401;7,3;0,25;0,36
1402;6,3;0,67;0,48
1403;7,4;0,4;0,29
1404;7,1;0,26;0,31
1405;9;0,31;0,48
1406;6,3;0,39;0,24
1407;8,2;0,22;0,36
1408;7,1;0,19;0,28
1409;7,3;0,25;0,36
1410;7,9;0,2;0,34
1411;7,1;0,26;0,32
1412;7;0,2;0,34
1413;6,9;0,3;0,33
1414;8,1;0,29;0,49
1415;5,8;0,17;0,3
1416;5,9;0,415;0,02
1417;6,6;0,23;0,26
1418;8,6;0,55;0,35
1419;6,9;0,35;0,74
1420;7,6;0,14;0,74
1421;9,2;0,28;0,49
1422;6,2;0,18;0,49
1423;5,3;0,165;0,24
1424;9,8;0,25;0,74
1425;8,1;0,29;0,49
1426;6,8;0,22;0,49
1427;7,2;0,22;0,49
1428;7,4;0,25;0,49
1429;8,2;0,18;0,49
1430;6,1;0,22;0,49
1431;7;0,39;0,24
1432;6,1;0,22;0,49
1433;6,5;0,36;0,49
1434;7,1;0,29;0,49
1435;7,4;0,25;0,49
1436;6,9;0,23;0,24
1437;8,5;0,56;0,74
1438;8,2;0,18;0,49
1439;6,3;0,23;0,49
1440;6,1;0,25;0,49
1441;7,2;0,26;0,74
1442;7,2;0,31;0,24
1443;8;0,25;0,49
1444;7;0,18;0,49
1445;7,8;0,43;0,49
1446;8,3;0,2;0,74
1447;6,3;0,27;0,49
1448;7,4;0,16;0,49
1449;7,4;0,16;0,49
1450;6,9;0,19;0,49
1451;7,8;0,43;0,49
1452;7,2;0,4;0,49
1453;7,8;0,43;0,49
1454;7,6;0,52;0,49
1455;8,3;0,21;0,49
1456;6,9;0,34;0,74
1457;6,3;0,27;0,49
1458;8,3;0,2;0,74
1459;7,1;0,22;0,74
1460;7,9;0,11;0,49
1461;8,5;0,17;0,74
1462;6,4;0,145;0,49
1463;7,4;0,16;0,49
1464;8,3;0,19;0,49
1465;8;0,44;0,49
1466;7;0,2;0,74
1467;6,9;0,19;0,49
1468;7,1;0,25;0,49
1469;6,5;0,24;0,24
1470;7,2;0,4;0,49
1471;7,6;0,52;0,49
1472;7,8;0,43;0,49
1473;7,8;0,21;0,49
1474;7;0,2;0,49
1475;6,9;0,25;0,24
1476;7,2;0,08;0,49
1477;7,1;0,85;0,49
1478;7,6;0,51;0,24
1479;7,9;0,22;0,24
1480;7,7;0,16;0,49
1481;7,2;0,08;0,49
1482;6,6;0,25;0,24
1483;6,7;0,16;0,49
1484;6,9;0,25;0,24
1485;7,5;0,32;0,24
1486;7,4;0,28;0,49
1487;6,2;0,15;0,49
1488;6,7;0,25;0,74
1489;6,5;0,26;0,74
1490;7,9;0,16;0,74
1491;5,6;0,185;0,49
1492;7,5;0,2;0,49
1493;8;0,3;0,49
1494;8;0,34;0,49
1495;7,7;0,35;0,49
1496;7,6;0,29;0,49
1497;6,7;0,62;0,24
1498;6,8;0,27;0,49
1499;7,7;0,27;0,49
1500;6,7;0,51;0,24
1501;7,4;0,19;0,49
1502;8,3;0,2;0,49
1503;6,6;0,3;0,24
1504;6,8;0,36;0,24
1505;7;0,17;0,74
1506;9,2;0,18;0,49
1507;8,1;0,2;0,49
1508;7,8;0,26;0,74
1509;6,8;0,21;0,49
1510;7,9;0,2;0,49
1511;8;0,18;0,49
1512;8,8;0,23;0,74
1513;7,3;0,22;0,49
1514;7,3;0,22;0,49
1515;7,4;0,19;0,49
1516;7,3;0,155;0,49
1517;8,2;0,22;0,49
1518;8,2;0,24;0,49
1519;8,4;0,23;0,49
1520;8,3;0,2;0,49
1521;8,3;0,2;0,49
1522;6,6;0,3;0,24
1523;6,9;0,21;0,49
1524;8;0,25;0,49
1525;6,6;0,21;0,49
1526;7,2;0,27;0,74
1527;14,2;0,27;0,49
1528;7,9;0,28;0,49
1529;7,4;0,27;0,49
1530;6,6;0,21;0,49
1531;7,2;0,27;0,74
1532;8,1;0,3;0,49
1533;7,5;0,23;0,49
1534;7,3;0,26;0,49
1535;7,1;0,18;0,74
1536;8,5;0,15;0,49
1537;8,9;0,13;0,49
1538;8,1;0,28;0,49
1539;6;0,17;0,49
1540;7,3;0,26;0,49
1541;7,1;0,18;0,74
1542;7,1;0,53;0,24
1543;7,2;0,16;0,49
1544;7,3;0,14;0,49
1545;8,9;0,13;0,49
1546;7,9;0,12;0,49
1547;6,7;0,29;0,49
1548;6,7;0,3;0,49
1549;7,1;0,36;0,24
1550;8,5;0,15;0,49
1551;7,9;0,18;0,49
1552;6,6;0,19;0,99
1553;7,3;0,21;0,49
1554;6,9;0,3;0,49
1555;7,9;0,42;0,49
1556;6,9;0,24;0,49
1557;7,6;0,23;0,49
1558;7,9;0,18;0,49
1559;6,2;0,43;0,49
1560;8,8;0,35;0,49
1561;7,8;0,3;0,74
1562;9,1;0,28;0,49
1563;7,1;0,34;0,49
1564;7,8;0,3;0,74
1565;9,1;0,28;0,49
1566;8,5;0,19;0,49
1567;7,6;0,18;0,49
1568;7,5;0,19;0,49
1569;7,4;0,3;0,49
1570;6,7;0,3;0,74
1571;6,6;0,3;0,74
1572;7,4;0,3;0,49
1573;6,9;0,22;0,49
1574;7,8;0,26;0,49
1575;8,5;0,17;0,49
1576;6,8;0,17;0,74
1577;6,2;0,27;0,49
1578;7,1;0,64;0,49
1579;6,4;0,18;0,74
1580;7,6;0,31;0,49
1581;9,8;0,31;0,49
1582;9;0,3;0,49
1583;8,4;0,24;0,49
1584;6,4;0,18;0,74
1585;6,4;0,25;0,74
1586;7,3;0,3;0,74
1587;9,3;0,31;0,49
1588;6,4;0,25;0,74
1589;7,3;0,3;0,74
1590;7;0,27;0,74
1591;7,9;0,14;0,74
1592;6,4;0,12;0,49
1593;6,8;0,21;0,74
1594;8,6;0,16;0,49
1595;7;0,29;0,49
1596;6,4;0,27;0,49
1597;6,6;0,55;0,01
1598;6,4;0,27;0,49
1599;6,3;0,24;0,74
1600;6,7;0,33;0,49
1601;7;0,29;0,49
1602;8,2;0,34;0,49
1603;5,6;0,39;0,24
1604;5,6;0,41;0,24
1605;6,7;0,41;0,01
1606;7,1;0,26;0,49
1607;7,5;0,32;0,49
1608;5,8;0,19;0,49
1609;6,9;0,27;0,49
1610;8,1;0,2;0,49
1611;7,5;0,32;0,49
1612;8,2;0,26;0,49
1613;7,8;0,26;0,49
1614;8;0,14;0,49
1615;8;0,29;0,49
1616;7,5;0,19;0,49
1617;6,9;0,34;0,49
1618;6,2;0,2;0,49
1619;6,4;0,37;0,49
1620;6,2;0,22;0,49
1621;7,8;0,26;0,49
1622;8,9;0,32;0,49
1623;6,5;0,44;0,49
1624;7;0,14;0,49
1625;9;0,17;0,49
1626;6,4;0,26;0,49
1627;9;0,22;0,49
1628;8,9;0,32;0,49
1629;8,2;0,2;0,49
1630;7,8;0,15;0,24
1631;6,9;0,25;0,24
1632;8,2;0,2;0,49
1633;7,1;0,28;0,49
1634;7,4;0,19;0,49
1635;8,3;0,25;0,49
1636;7,5;0,14;0,74
1637;7,8;0,49;0,49
1638;8,1;0,12;0,49
1639;7,6;0,47;0,49
1640;7,9;0,22;0,49
1641;7,8;0,49;0,49
1642;6,4;0,22;0,49
1643;7,3;0,19;0,49
1644;8,1;0,3;0,49
1645;7,3;0,19;0,49
1646;7,5;0,24;0,49
1647;6,4;0,22;0,49
1648;7,8;0,21;0,49
1649;7,1;0,3;0,49
1650;6,9;0,26;0,49
1651;7,6;0,31;0,49
1652;6,4;0,42;0,74
1653;8,2;0,29;0,49
1654;7,9;0,33;0,28
1655;6,6;0,46;0,49
1656;7,8;0,28;0,49
1657;5,8;0,15;0,49
1658;7,8;0,4;0,49
1659;6,6;0,31;0,49
1660;6,6;0,325;0,49
1661;6,6;0,27;0,49
1662;6,7;0,26;0,49
1663;6,7;0,21;0,49
1664;7,9;0,33;0,28
1665;8,1;0,28;0,46
1666;6,5;0,13;0,37
1667;7,8;0,445;0,56
1668;8,8;0,39;0,34
1669;7,9;0,18;0,33
1670;7,1;0,31;0,38
1671;7,8;0,24;0,18
1672;7;0,35;0,3
1673;6,6;0,26;0,31
1674;6,6;0,27;0,31
1675;6,8;0,22;0,29
1676;6,2;0,27;0,32
1677;7;0,35;0,3
1678;7,3;0,23;0,37
1679;6,2;0,3;0,2
1680;6,4;0,35;0,2
1681;7,6;0,32;0,34
1682;6,3;0,31;0,3
1683;7,2;0,25;0,28
1684;7,2;0,25;0,28
1685;7,3;0,26;0,33
1686;7,2;0,25;0,28
1687;7,4;0,26;0,37
1688;7,3;0,26;0,33
1689;6,7;0,25;0,26
1690;7,1;0,16;0,25
1691;9;0,43;0,3
1692;7,2;0,25;0,28
1693;7;0,24;0,3
1694;6,7;0,265;0,22
1695;7,7;0,12;0,32
1696;7,2;0,21;0,33
1697;8,5;0,32;0,36
1698;6,9;0,18;0,3
1699;7;0,24;0,3
1700;6,3;0,26;0,29
1701;6,7;0,26;0,3
1702;7,9;0,29;0,36
1703;6,5;0,27;0,19
1704;6,7;0,33;0,42
1705;6,7;0,31;0,42
1706;6,6;0,25;0,31
1707;6,4;0,24;0,22
1708;6,8;0,26;0,29
1709;7;0,61;0,26
1710;6,8;0,22;0,3
1711;8,1;0,31;0,24
1712;7;0,2;0,3
1713;7,9;0,18;0,37
1714;6,6;0,34;0,27
1715;6,8;0,3;0,24
1716;6,5;0,18;0,34
1717;7;0,21;0,31
1718;6,8;0,27;0,32
1719;9,3;0,2;0,33
1720;5,8;0,23;0,27
1721;7,6;0,2;0,39
1722;8,2;0,15;0,48
1723;7,5;0,4;1
1724;6,5;0,18;0,34
1725;7;0,13;0,3
1726;6,9;0,17;0,22
1727;7;0,3;0,32
1728;7,6;0,445;0,44
1729;6,8;0,3;0,24
1730;7,5;0,22;0,33
1731;9,2;0,23;0,3
1732;8,7;0,34;0,46
1733;6,6;0,545;0,04
1734;8,1;0,3;0,31
1735;6,9;0,16;0,3
1736;8;0,32;0,36
1737;6,1;0,22;0,23
1738;6,9;0,16;0,3
1739;7,5;0,15;0,38
1740;8,4;0,29;0,29
1741;6,6;0,37;0,47
1742;7,7;0,38;0,4
1743;6,3;0,25;0,23
1744;8,3;0,3;0,36
1745;6,6;0,22;0,58
1746;6,1;0,34;0,31
1747;7,5;0,22;0,29
1748;8,3;0,3;0,36
1749;8;0,27;0,24
1750;6,1;0,17;0,27
1751;7,4;0,18;0,3
1752;6,7;0,16;0,28
1753;6,1;0,255;0,44
1754;7,4;0,23;0,25
1755;6,4;0,16;0,28
1756;6,3;0,25;0,23
1757;6,7;0,27;0,25
1758;6,9;0,29;0,23
1759;9,6;0,21;0,28
1760;6,6;0,62;0,2
1761;6,4;0,28;0,19
1762;8;0,3;0,28
1763;6,4;0,17;0,27
1764;7,3;0,21;0,3
1765;6,7;0,27;0,25
1766;6,9;0,29;0,23
1767;6,6;0,32;0,26
1768;7,4;0,32;0,22
1769;6,6;0,37;0,07
1770;7,7;0,43;0,28
1771;7,8;0,39;0,26
1772;6,5;0,18;0,26
1773;7,8;0,4;0,26
1774;7,8;0,39;0,26
1775;6,9;0,19;0,28
1776;7,7;0,49;1
1777;6,6;0,25;0,35
1778;6,5;0,18;0,26
1779;6,4;0,15;0,36
1780;6,4;0,15;0,36
1781;8,4;0,17;0,31
1782;6,1;0,32;0,37
1783;8,5;0,21;0,26
1784;8,7;0,45;0,4
1785;6,7;0,24;0,29
1786;8,5;0,21;0,26
1787;7,4;0,33;0,26
1788;7,2;0,26;0,3
1789;8,2;0,36;0,29
1790;7,8;0,2;0,24
1791;9,4;0,16;0,3
1792;6,4;0,33;0,24
1793;7,8;0,22;0,36
1794;7,4;0,35;0,31
1795;6,6;0,37;0,24
1796;6,7;0,37;0,41
1797;7,1;0,37;0,32
1798;6,9;0,25;0,27
1799;6,8;0,23;0,29
1800;6,4;0,26;0,21
1801;7,6;0,3;0,22
1802;9,4;0,16;0,23
1803;6,8;0,23;0,29
1804;6,4;0,26;0,21
1805;7,6;0,3;0,22
1806;7,5;0,33;0,39
1807;7,6;0,38;0,2
1808;8,8;0,2;0,43
1809;7,5;0,33;0,39
1810;8,8;0,2;0,43
1811;6,6;0,36;0,21
1812;7,6;0,38;0,2
1813;5,6;0,46;0,24
1814;7,2;0,15;0,38
1815;8,2;0,42;0,29
1816;6,8;0,3;0,35
1817;6,7;0,27;0,3
1818;7,2;0,5;0
1819;6;0,26;0,29
1820;6,8;0,33;0,28
1821;6,8;0,3;0,35
1822;7,4;0,29;0,31
1823;8,2;0,42;0,29
1824;7,3;0,19;0,24
1825;6,5;0,32;0,12
1826;7,1;0,32;0,4
1827;6,5;0,32;0,12
1828;7,3;0,19;0,24
1829;7,3;0,17;0,23
1830;7,7;0,44;0,24
1831;7,7;0,44;0,24
1832;7,4;0,49;0,24
1833;7,7;0,44;0,24
1834;7,4;0,49;0,24
1835;6,4;0,21;0,3
1836;8;0,55;0,42
1837;7;0,19;0,23
1838;7,2;0,24;0,29
1839;6,5;0,34;0,36
1840;7;0,19;0,23
1841;6,9;0,18;0,33
1842;7,2;0,24;0,29
1843;8,2;0,18;0,31
1844;8,3;0,28;0,45
1845;6,1;0,34;0,46
1846;7,4;0,44;0,2
1847;7,6;0,26;0,58
1848;7,4;0,44;0,2
1849;8,7;0,49;0,57
1850;7;0,24;0,25
1851;7,1;0,25;0,25
1852;6,1;0,34;0,46
1853;6,4;0,18;0,31
1854;8,3;0,27;0,39
1855;6,8;0,24;0,35
1856;8;0,22;0,28
1857;10;0,91;0,42
1858;8,9;0,34;0,34
1859;8,9;0,33;0,34
1860;8;0,22;0,28
1861;6,7;0,18;0,19
1862;7,8;0,2;0,28
1863;7,3;0,13;0,31
1864;6,6;0,28;0,3
1865;7,1;0,25;0,3
1866;7,6;0,36;0,44
1867;7,6;0,27;0,25
1868;6,9;0,37;0,28
1869;7,4;0,21;0,27
1870;8,2;0,18;0,28
1871;6,3;0,19;0,21
1872;7;0,21;0,22
1873;5,8;0,33;0,2
1874;5,8;0,33;0,2
1875;7,9;0,29;0,31
1876;6,6;0,31;0,38
1877;8;0,19;0,3
1878;8;0,2;0,36
1879;8;0,25;0,26
1880;7,2;0,2;0,61
1881;7,7;0,3;0,42
1882;7,2;0,2;0,61
1883;7,7;0,3;0,42
1884;7,7;0,3;0,42
1885;6,4;0,22;0,32
1886;7,2;0,2;0,61
1887;7;0,53;0,02
1888;7,3;0,24;0,41
1889;7,2;0,24;0,4
1890;7,6;0,15;0,4
1891;7,7;0,3;0,42
1892;7,6;0,33;0,41
1893;6,8;0,24;0,31
1894;6,8;0,24;0,31
1895;6,8;0,35;0,44
1896;7,9;0,26;0,33
1897;7,5;0,29;0,67
1898;7,5;0,29;0,67
1899;7,2;0,31;0,41
1900;6,7;0,44;0,31
1901;10;0,23;0,27
1902;7,4;0,21;0,3
1903;8,8;0,23;0,35
1904;7,8;0,34;0,27
1905;7,9;0,26;0,33
1906;7,5;0,29;0,67
1907;6;0,28;0,35
1908;7,9;0,37;0,3
1909;7,2;0,36;0,36
1910;7,6;0,13;0,34
1911;6,6;0,25;0,36
1912;7,1;0,18;0,26
1913;7,9;0,3;0,27
1914;8,3;0,23;0,3
1915;6,8;0,43;0,3
1916;7,2;0,36;0,36
1917;6,6;0,25;0,36
1918;7,1;0,18;0,26
1919;6,6;0,35;0,29
1920;7,3;0,22;0,5
1921;8,1;0,26;0,33
1922;7,6;0,13;0,34
1923;7;0,12;0,19
1924;8,2;0,37;0,27
1925;7,6;0,26;0,36
1926;6,3;0,2;0,58
1927;6,3;0,22;0,57
1928;7,1;0,25;0,28
1929;7;0,27;0,32
1930;8,8;0,34;0,33
1931;9,2;0,27;0,34
1932;7,1;0,49;0,22
1933;9,2;0,71;0,23
1934;7,2;0,47;0,65
1935;6,8;0,28;0,36
1936;8,8;0,34;0,33
1937;9,2;0,27;0,34
1938;7,3;0,13;0,27
1939;7,2;0,16;0,35
1940;6,8;0,31;0,32
1941;8,3;0,36;0,57
1942;6,8;0,31;0,32
1943;8,3;0,36;0,57
1944;6,3;0,25;0,44
1945;6;0,45;0,42
1946;8,1;0,26;0,3
1947;6,4;0,22;0,32
1948;5,7;0,45;0,42
1949;7,2;0,19;0,31
1950;6,7;0,31;0,44
1951;8;0,25;0,13
1952;9,9;1,005;0,46
1953;8,1;0,31;0,36
1954;8,1;0,24;0,38
1955;8;0,25;0,13
1956;6,4;0,29;0,28
1957;7,2;0,15;0,33
1958;7;0,12;0,32
1959;7,4;0,32;0,55
1960;8,5;0,17;0,31
1961;8,5;0,17;0,31
1962;9,5;0,21;0,47
1963;8,2;0,21;0,48
1964;7,4;0,32;0,55
1965;6,8;0,31;0,42
1966;6,8;0,27;0,28
1967;7,4;0,21;0,3
1968;8;0,23;0,35
1969;7,6;0,2;0,31
1970;6,3;0,41;0,3
1971;8,3;0,49;0,43
1972;6,3;0,41;0,3
1973;7,6;0,2;0,26
1974;7,5;0,26;0,26
1975;7,5;0,26;0,26
1976;6,8;0,27;0,35
1977;6,8;0,28;0,37
1978;8,4;0,2;0,27
1979;7,9;0,33;0,26
1980;7,5;0,38;0,5
1981;7,6;0,2;0,3
1982;7,6;0,2;0,3
1983;7,6;0,2;0,3
1984;7,6;0,2;0,3
1985;7,6;0,2;0,3
1986;8,1;0,19;0,58
1987;7,6;0,16;0,41
1988;8,1;0,22;0,28
1989;8;0,22;0,32
1990;7,1;0,33;0,3
1991;6,4;0,43;0,27
1992;7,6;0,2;0,3
1993;7;0,12;0,28
1994;7,4;0,3;0,22
1995;7;0,28;0,33
1996;8,4;0,2;0,38
1997;7;0,28;0,33
1998;8,4;0,2;0,38
1999;8,4;0,2;0,38
2000;7,3;0,18;0,31
2001;6,8;0,31;0,09
2002;6,7;0,31;0,08
2003;7,6;0,17;0,35
2004;7,4;0,3;0,22
2005;7,4;0,26;0,31
2006;7;0,28;0,33
2007;8,4;0,2;0,38
2008;5,6;0,18;0,31
2009;7,2;0,15;0,39
2010;8;0,4;0,33
2011;7;0,25;0,56
2012;7,2;0,15;0,39
2013;6,8;0,18;0,46
2014;6,6;0,32;0,22
2015;9;0,55;0,3
2016;6,9;0,19;0,39
2017;6,3;0,41;0,33
2018;9;0,55;0,3
2019;7;0,2;0,34
2020;6,6;0,32;0,22
2021;7,7;0,26;0,34
2022;6,3;0,21;0,28
2023;7,6;0,34;0,39
2024;6,3;0,21;0,28
2025;8;0,43;0,4
2026;7,5;0,3;0,71
2027;6,4;0,26;0,4
2028;6,9;0,32;0,15
2029;8,9;0,21;0,34
2030;7,6;0,34;0,39
2031;9,5;0,42;0,41
2032;7,6;0,29;0,26
2033;6,5;0,25;0,2
2034;7,2;0,23;0,33
2035;7,9;0,35;0,36
2036;8,8;0,2;0,28
2037;5,7;0,27;0,32
2038;7,6;0,29;0,26
2039;5,5;0,14;0,27
2040;8,7;0,24;0,35
2041;6,7;0,3;0,45
2042;5,5;0,14;0,27
2043;5,6;0,13;0,27
2044;7,4;0,18;0,34
2045;5,7;0,385;0,04
2046;8,7;0,24;0,35
2047;8,3;0,33;0,43
2048;6,8;0,34;0,44
2049;6,8;0,33;0,44
2050;6,3;0,28;0,24
2051;11,8;0,23;0,38
2052;6,8;0,21;0,27
2053;6,8;0,21;0,27
2054;8,6;0,485;0,29
2055;8,6;0,485;0,29
2056;7,3;0,29;0,29
2057;6,8;0,21;0,27
2058;6,7;0,31;0,31
2059;7,3;0,29;0,37
2060;5,7;0,46;0,46
2061;6,8;0,28;0,44
2062;6,7;0,23;0,33
2063;6,9;0,17;0,25
2064;7,6;0,18;0,36
2065;6,6;0,22;0,28
2066;7,8;0,27;0,28
2067;7,7;0,28;0,29
2068;7,6;0,29;0,29
2069;5,7;0,32;0,18
2070;7,1;0,33;0,25
2071;7,3;0,34;0,3
2072;6,5;0,19;0,26
2073;6,6;0,23;0,27
2074;6,6;0,27;0,29
2075;6,6;0,22;0,28
2076;7,6;0,18;0,36
2077;6,8;0,36;0,32
2078;7;0,22;0,39
2079;5,9;0,17;0,3
2080;7,4;0,45;0,32
2081;6,8;0,36;0,32
2082;7,5;0,42;0,14
2083;7,5;0,33;0,32
2084;9,4;0,3;0,32
2085;7,9;0,17;0,32
2086;7,9;0,17;0,32
2087;8,2;0,17;0,32
2088;8,3;0,17;0,31
2089;8,7;0,15;0,3
2090;7,9;0,17;0,32
2091;7,2;0,25;0,19
2092;7,2;0,24;0,19
2093;5,3;0,76;0,03
2094;6,6;0,22;0,53
2095;6,6;0,22;0,53
2096;8,4;0,28;0,4
2097;6,8;0,32;0,34
2098;6,7;0,24;0,33
2099;7,4;0,18;0,36
2100;6;0,16;0,3
2101;6,7;0,24;0,33
2102;6,8;0,28;0,35
2103;6,2;0,34;0,3
2104;6;0,27;0,15
2105;6;0,16;0,3
2106;6,8;0,32;0,34
2107;8,5;0,24;0,47
2108;8,1;0,24;0,33
2109;7,4;0,18;0,36
2110;7,7;0,23;0,31
2111;6,5;0,22;0,25
2112;6,5;0,22;0,25
2113;6,5;0,22;0,25
2114;5,7;0,33;0,15
2115;7,7;0,23;0,31
2116;6,5;0,22;0,25
2117;6,8;0,2;0,27
2118;7,7;0,26;0,32
2119;6,4;0,2;0,32
2120;8;0,16;0,36
2121;6,8;0,25;0,27
2122;7,7;0,39;0,28
2123;6,9;0,26;0,33
2124;6,8;0,25;0,27
2125;7,7;0,39;0,28
2126;6;0,28;0,22
2127;6,5;0,43;0,28
2128;9,1;0,33;0,38
2129;5,9;0,5;0,05
2130;6,8;0,28;0,39
2131;7;0,35;0,24
2132;7,1;0,22;0,32
2133;7,1;0,22;0,32
2134;8,3;0,24;0,27
2135;6,8;0,26;0,32
2136;7,2;0,16;0,26
2137;7,9;0,18;0,36
2138;7,2;0,16;0,26
2139;5,5;0,24;0,32
2140;7,1;0,33;0,64
2141;7,7;0,28;0,35
2142;7,7;0,28;0,35
2143;7,5;0,26;0,52
2144;6,5;0,14;0,32
2145;8,2;0,21;0,32
2146;7,2;0,2;0,31
2147;7,2;0,115;0,3
2148;6,4;0,29;0,2
2149;7,1;0,33;0,64
2150;6,8;0,24;0,34
2151;7;0,24;0,34
2152;7,7;0,28;0,35
2153;7;0,22;0,33
2154;7,5;0,18;0,39
2155;9,8;0,93;0,45
2156;7,8;0,29;0,33
2157;7,9;0,28;0,32
2158;8,5;0,25;0,27
2159;7,4;0,18;0,27
2160;6,3;0,24;0,37
2161;6;0,33;0,38
2162;6,8;0,37;0,28
2163;9,9;0,49;0,23
2164;8,5;0,25;0,27
2165;8,4;0,22;0,28
2166;7;0,35;0,31
2167;7;0,35;0,31
2168;7,4;0,19;0,3
2169;7,4;0,19;0,3
2170;7,4;0,19;0,3
2171;7,4;0,19;0,3
2172;7,4;0,19;0,3
2173;6,9;0,32;0,13
2174;7,6;0,32;0,58
2175;7,4;0,19;0,3
2176;7,4;0,19;0,3
2177;6,9;0,32;0,13
2178;6;0,34;0,24
2179;7,6;0,32;0,58
2180;7,7;0,24;0,31
2181;8;0,36;0,43
2182;7,4;0,29;0,25
2183;6,6;0,32;0,27
2184;6,3;0,3;0,24
2185;6,4;0,33;0,24
2186;7,5;0,18;0,31
2187;6,5;0,39;0,81
2188;6,8;0,25;0,18
2189;6,4;0,18;0,32
2190;7,1;0,18;0,32
2191;7,6;0,27;0,42
2192;9,2;0,23;0,35
2193;7,9;0,28;0,41
2194;7,1;0,18;0,32
2195;6,4;0,18;0,32
2196;6,8;0,25;0,18
2197;7;0,22;0,26
2198;7,3;0,18;0,29
2199;7,1;0,26;0,19
2200;6,6;0,25;0,42
2201;6,4;0,24;0,23
2202;6;0,28;0,27
2203;7,1;0,26;0,19
2204;7,8;0,24;0,38
2205;7,6;0,27;0,33
2206;7,7;0,39;0,34
2207;8,9;0,24;0,33
2208;6,6;0,23;0,24
2209;7,1;0,26;0,3
2210;7;0,32;0,35
2211;7,4;0,24;0,26
2212;6,9;0,21;0,33
2213;7;0,32;0,35
2214;7,4;0,17;0,29
2215;7,1;0,26;0,3
2216;8,5;0,28;0,34
2217;7,8;0,3;0,37
2218;8,1;0,25;0,38
2219;7,7;0,28;0,29
2220;6,5;0,24;0,36
2221;7;0,22;0,32
2222;8,5;0,28;0,34
2223;8;0,45;0,28
2224;6,9;0,23;0,33
2225;8;0,45;0,28
2226;7,6;0,23;0,26
2227;7,7;0,28;0,58
2228;7,7;0,27;0,61
2229;7,1;0,2;0,36
2230;6,9;0,25;0,35
2231;7,1;0,2;0,36
2232;6,9;0,25;0,35
2233;8,4;0,2;0,31
2234;6,5;0,39;0,35
2235;7,2;0,23;0,38
2236;6,9;0,44;0,42
2237;7,1;0,28;0,19
2238;6,4;0,34;0,2
2239;6,1;0,15;0,29
2240;6,9;0,44;0,42
2241;7,2;0,29;0,18
2242;7,1;0,28;0,19
2243;6,1;0,23;0,45
2244;6,7;0,23;0,42
2245;7;0,36;0,14
2246;7,5;0,31;0,24
2247;6,4;0,34;0,2
2248;6,1;0,15;0,29
2249;7,4;0,2;0,29
2250;6,3;0,27;0,18
2251;9,2;0,34;0,54
2252;7,4;0,18;0,29
2253;7,2;0,29;0,2
2254;6,3;0,27;0,18
2255;6,2;0,26;0,19
2256;7,3;0,21;0,21
2257;7,1;0,14;0,35
2258;7,2;0,39;0,54
2259;7,6;0,48;0,28
2260;7,2;0,39;0,54
2261;7,6;0,48;0,28
2262;6,5;0,36;0,31
2263;8,5;0,25;0,31
2264;6,9;0,3;0,21
2265;6,6;0,19;0,43
2266;6,9;0,3;0,21
2267;9,4;0,42;0,32
2268;6,6;0,19;0,43
2269;6,3;0,2;0,3
2270;8,5;0,19;0,56
2271;7,3;0,19;0,25
2272;6,7;0,25;0,26
2273;6,2;0,25;0,28
2274;6,1;0,46;0,32
2275;7,3;0,19;0,25
2276;7,5;0,29;0,26
2277;6,7;0,31;0,18
2278;7,4;0,14;0,3
2279;6,7;0,31;0,18
2280;7,1;0,4;0,52
2281;6,4;0,16;0,25
2282;6,3;0,16;0,22
2283;7,4;0,33;0,26
2284;7,4;0,33;0,26
2285;7,4;0,33;0,26
2286;7,4;0,33;0,26
2287;6,6;0,41;0,24
2288;6,7;0,43;0,23
2289;7,4;0,33;0,26
2290;7,3;0,4;0,28
2291;7,4;0,18;0,24
2292;8,6;0,17;0,28
2293;6,5;0,32;0,23
2294;7,3;0,4;0,28
2295;7;0,32;0,31
2296;7,5;0,42;0,19
2297;6,9;0,28;0,31
2298;6,5;0,29;0,42
2299;6,3;0,41;0,18
2300;7;0,32;0,31
2301;7,3;0,3;0,33
2302;6,6;0,22;0,28
2303;6;0,26;0,18
2304;6,9;0,44;0,18
2305;7,5;0,42;0,2
2306;7;0,36;0,3
2307;5,6;0,295;0,2
2308;6,8;0,21;0,55
2309;9,4;0,28;0,3
2310;8,1;0,28;0,34
2311;6,8;0,21;0,55
2312;7;0,22;0,26
2313;9,4;0,28;0,3
2314;6,8;0,32;0,3
2315;7;0,19;0,33
2316;7,7;0,42;0,38
2317;7,4;0,2;0,31
2318;7,5;0,24;0,62
2319;7,5;0,26;0,59
2320;6,6;0,4;0,32
2321;8;0,2;0,3
2322;4,6;0,445;0
2323;6,1;0,41;0,04
2324;7,6;0,2;0,34
2325;6,9;0,3;0,21
2326;7;0,35;0,17
2327;6,9;0,35;0,55
2328;7;0,35;0,17
2329;6,9;0,35;0,55
2330;7,6;0,3;0,4
2331;7,5;0,38;0,29
2332;7,5;0,3;0,32
2333;6,3;0,4;0,32
2334;6,8;0,37;0,28
2335;7,5;0,23;0,35
2336;8,3;0,27;0,34
2337;6,8;0,26;0,22
2338;6,5;0,28;0,35
2339;7,2;0,34;0,3
2340;7;0,23;0,26
2341;7,7;0,29;0,29
2342;7,2;0,34;0,3
2343;7,7;0,4;0,27
2344;6,7;0,17;0,27
2345;7;0,23;0,26
2346;8,1;0,24;0,26
2347;7,7;0,28;0,63
2348;7,5;0,23;0,29
2349;8,3;0,26;0,31
2350;7,9;0,46;0,4
2351;7,9;0,31;0,22
2352;7,9;0,25;0,34
2353;6,1;0,28;0,16
2354;7;0,18;0,26
2355;6,5;0,21;0,28
2356;7,6;0,48;0,33
2357;7,1;0,34;0,32
2358;8,9;0,21;0,37
2359;7,4;0,32;0,27
2360;6;0,495;0,27
2361;8,1;0,25;0,34
2362;8,2;0,25;0,46
2363;6,5;0,18;0,29
2364;6,7;0,24;0,26
2365;6,6;0,32;0,24
2366;7,6;0,32;0,35
2367;7,4;0,33;0,44
2368;7,2;0,3;0,3
2369;7,4;0,34;0,3
2370;6,1;0,16;0,29
2371;6,3;0,1;0,24
2372;6,2;0,45;0,73
2373;6;0,33;0,18
2374;7,6;0,48;0,37
2375;7,2;0,2;0,3
2376;7;0,32;0,29
2377;7,2;0,2;0,3
2378;7;0,22;0,29
2379;9,4;0,23;0,56
2380;6,4;0,27;0,19
2381;6,4;0,27;0,19
2382;7;0,23;0,42
2383;6,9;0,15;0,28
2384;6,7;0,26;0,29
2385;6,9;0,15;0,28
2386;7,6;0,2;0,68
2387;6,9;0,3;0,29
2388;6,9;0,3;0,3
2389;7,6;0,21;0,35
2390;6,8;0,46;0,26
2391;7;0,28;0,26
2392;6,5;0,24;0,29
2393;6,4;0,17;0,34
2394;6,4;0,17;0,34
2395;6,3;0,695;0,55
2396;7;0,27;0,29
2397;8,4;0,3;0,25
2398;6,5;0,19;0,27
2399;8;0,36;0,39
2400;6,1;0,16;0,24
2401;9,2;0,19;0,42
2402;9,2;0,16;0,49
2403;8;0,26;0,28
2404;8,8;0,33;0,36
2405;9,8;0,16;0,46
2406;6,6;0,23;0,18
2407;7,9;0,44;0,26
2408;7,6;0,31;0,27
2409;7,5;0,705;0,1
2410;7,1;0,21;0,28
2411;7;0,16;0,26
2412;8;0,27;0,25
2413;6,3;0,38;0,17
2414;7,1;0,21;0,28
2415;6,2;0,38;0,18
2416;8,2;0,24;0,3
2417;7;0,16;0,26
2418;7,3;0,815;0,09
2419;6,3;0,41;0,16
2420;6,1;0,36;0,41
2421;8,1;0,4;0,32
2422;6,8;0,26;0,43
2423;6,2;0,44;0,18
2424;7,2;0,24;0,29
2425;6,2;0,44;0,18
2426;7,2;0,24;0,29
2427;7,3;0,22;0,26
2428;8,1;0,34;0,28
2429;7,3;0,22;0,26
2430;8,1;0,34;0,28
2431;6,4;0,28;0,17
2432;6,3;0,29;0,14
2433;6,4;0,27;0,17
2434;7,4;0,35;0,2
2435;8,3;0,28;0,27
2436;6,4;0,35;0,35
2437;6,9;0,43;0,28
2438;8;0,26;0,28
2439;6,9;0,43;0,28
2440;7,3;0,27;0,37
2441;6,8;0,46;0,26
2442;7,2;0,2;0,28
2443;7,6;0,285;0,32
2444;6,6;0,32;0,33
2445;7,6;0,285;0,32
2446;6,6;0,34;0,34
2447;6,6;0,32;0,33
2448;6,5;0,27;0,26
2449;6,6;0,26;0,27
2450;6,7;0,27;0,26
2451;6,6;0,56;0,15
2452;6,6;0,56;0,15
2453;7,3;0,19;0,27
2454;6,3;0,2;0,26
2455;7,1;0,29;0,3
2456;7,8;0,32;0,33
2457;8,1;0,33;0,36
2458;8,1;0,33;0,36
2459;7,8;0,32;0,33
2460;6,6;0,33;0,24
2461;6,6;0,33;0,24
2462;8,2;0,26;0,33
2463;8,3;0,25;0,33
2464;7;0,26;0,26
2465;6;0,26;0,15
2466;7,5;0,28;0,78
2467;7,5;0,27;0,79
2468;7;0,28;0,32
2469;5,2;0,16;0,34
2470;6,8;0,34;0,1
2471;7,6;0,25;0,34
2472;5,6;0,35;0,4
2473;8,8;0,24;0,23
2474;6;0,29;0,21
2475;6,1;0,27;0,31
2476;7,4;0,56;0,09
2477;6,8;0,29;0,49
2478;6,1;0,27;0,31
2479;6,3;0,27;0,37
2480;6,6;0,24;0,3
2481;6,8;0,32;0,3
2482;6,4;0,37;0,37
2483;6,2;0,26;0,37
2484;6,3;0,27;0,37
2485;6,4;0,3;0,16
2486;8;0,28;0,32
2487;6,7;0,24;0,32
2488;7,9;0,27;0,27
2489;7,9;0,27;0,27
2490;6,1;0,28;0,24
2491;7,7;0,39;0,49
2492;6;0,2;0,24
2493;6,1;0,28;0,24
2494;7,6;0,31;0,23
2495;7,6;0,31;0,23
2496;6,3;0,18;0,22
2497;8,6;0,23;0,25
2498;6,8;0,21;0,36
2499;6,8;0,21;0,36
2500;6,9;0,26;0,31
2501;6,8;0,21;0,36
2502;6,4;0,31;0,4
2503;8,6;0,34;0,36
2504;8,6;0,34;0,36
2505;8,5;0,3;0,28
2506;7,4;0,4;0,41
2507;6,6;0,32;0,34
2508;7,1;0,34;0,31
2509;6,6;0,26;0,25
2510;8;0,27;0,57
2511;6,2;0,28;0,45
2512;6,2;0,3;0,49
2513;5,6;0,175;0,29
2514;6,9;0,34;0,36
2515;6,9;0,34;0,3
2516;7,1;0,12;0,3
2517;7,1;0,32;0,29
2518;7,3;0,51;0,29
2519;7,1;0,12;0,3
2520;6,3;0,24;0,55
2521;7,5;0,41;0,23
2522;6,5;0,18;0,33
2523;7,3;0,17;0,24
2524;8,2;0,2;0,38
2525;7,5;0,41;0,23
2526;7,3;0,17;0,24
2527;6,5;0,18;0,33
2528;7,3;0,16;0,35
2529;6,4;0,16;0,37
2530;6,6;0,42;0,13
2531;5,8;0,3;0,12
2532;6,7;0,54;0,27
2533;6,7;0,54;0,27
2534;6,4;0,22;0,3
2535;6,8;0,23;0,3
2536;9;0,26;0,34
2537;6,5;0,23;0,25
2538;5,9;0,28;0,14
2539;5,9;0,28;0,14
2540;6,2;0,27;0,18
2541;9;0,29;0,34
2542;9;0,26;0,34
2543;8,9;0,27;0,34
2544;6,5;0,23;0,25
2545;6,9;0,32;0,3
2546;7,2;0,22;0,24
2547;6,7;0,5;0,38
2548;6,2;0,33;0,14
2549;6,3;0,26;0,42
2550;7,5;0,2;0,47
2551;6,2;0,33;0,14
2552;6,3;0,26;0,42
2553;6,6;0,36;0,52
2554;6,3;0,13;0,42
2555;6,4;0,15;0,44
2556;6,3;0,13;0,42
2557;7,6;0,23;0,64
2558;6,4;0,15;0,44
2559;6,3;0,13;0,42
2560;5,7;0,255;0,65
2561;6,9;0,32;0,26
2562;6,9;0,28;0,22
2563;6,9;0,32;0,26
2564;5,7;0,255;0,65
2565;6,6;0,41;0,16
2566;7,3;0,37;0,16
2567;6,9;0,21;0,24
2568;6,6;0,24;0,28
2569;6,8;0,28;0,36
2570;6,6;0,24;0,24
2571;6,6;0,24;0,28
2572;7;0,16;0,32
2573;7;0,14;0,28
2574;6,3;0,34;0,36
2575;6,8;0,26;0,24
2576;6,7;0,17;0,42
2577;6,5;0,27;0,4
2578;6,7;0,25;0,36
2579;5,8;0,3;0,27
2580;6,4;0,28;0,56
2581;7,7;0,3;0,26
2582;6,8;0,18;0,3
2583;6,8;0,18;0,3
2584;6,8;0,18;0,3
2585;6,8;0,18;0,3
2586;6,8;0,18;0,3
2587;6,8;0,18;0,3
2588;5,1;0,14;0,25
2589;6,8;0,18;0,3
2590;7,2;0,615;0,1
2591;6,9;0,13;0,28
2592;6,7;0,34;0,3
2593;7,3;0,32;0,29
2594;6,3;0,21;0,29
2595;5,4;0,5;0,13
2596;8,2;0,52;0,34
2597;7,8;0,28;0,31
2598;6,4;0,22;0,34
2599;7,8;0,28;0,31
2600;6,9;0,32;0,27
2601;6,8;0,11;0,42
2602;6,2;0,26;0,32
2603;6,4;0,22;0,34
2604;6,7;0,3;0,29
2605;6,7;0,3;0,29
2606;7,1;0,2;0,3
2607;7,2;0,2;0,36
2608;8,9;0,26;0,33
2609;7,5;0,25;0,32
2610;7,1;0,2;0,3
2611;6,3;0,27;0,46
2612;6,5;0,3;0,39
2613;6,7;0,3;0,29
2614;6,6;0,36;0,52
2615;6,15;0,21;0,37
2616;6,5;0,18;0,41
2617;6,5;0,18;0,41
2618;6,5;0,18;0,41
2619;6,6;0,26;0,21
2620;6,6;0,35;0,35
2621;6,5;0,28;0,28
2622;6,6;0,36;0,52
2623;6,6;0,26;0,21
2624;6,5;0,18;0,41
2625;6,15;0,21;0,37
2626;4,5;0,19;0,21
2627;8;0,24;0,26
2628;7,8;0,17;0,23
2629;7;0,24;0,24
2630;5,8;0,6;0
2631;5,9;0,445;0,26
2632;6,7;0,28;0,28
2633;6,8;0,44;0,2
2634;7,2;0,24;0,27
2635;8,7;0,31;0,73
2636;8,2;0,32;0,26
2637;7,2;0,24;0,27
2638;8,7;0,31;0,73
2639;7,5;0,13;0,38
2640;9,2;0,14;0,37
2641;7,4;0,2;0,37
2642;6,1;0,15;0,35
2643;7,6;0,23;0,4
2644;8,1;0,33;0,22
2645;7,15;0,17;0,24
2646;6,7;0,12;0,3
2647;5,7;0,18;0,36
2648;5,8;0,15;0,28
2649;6,6;0,23;0,29
2650;7,15;0,17;0,24
2651;7;0,34;0,39
2652;6,4;0,68;0,26
2653;7,3;0,22;0,31
2654;6,4;0,28;0,27
2655;6,9;0,4;0,22
2656;6,8;0,19;0,23
2657;7,1;0,23;0,24
2658;6,45;0,14;0,42
2659;6,5;0,15;0,44
2660;7,1;0,15;0,34
2661;6,7;0,33;0,34
2662;7,2;0,3;0,26
2663;7;0,23;0,33
2664;8;0,13;0,25
2665;6,2;0,21;0,34
2666;8,3;0,4;0,41
2667;5,9;0,34;0,31
2668;6,6;0,12;0,25
2669;9,6;0,655;0,21
2670;6,8;0,26;0,4
2671;5,9;0,34;0,31
2672;5,9;0,3;0,3
2673;7;0,15;0,3
2674;7,9;0,37;0,31
2675;7,2;0,35;0,25
2676;7,2;0,32;0,24
2677;7,6;0,1;0,33
2678;6,2;0,25;0,31
2679;7,1;0,31;0,17
2680;7,6;0,18;0,28
2681;8;0,17;0,29
2682;7,2;0,19;0,27
2683;7,6;0,32;0,25
2684;7,1;0,31;0,17
2685;6,6;0,21;0,29
2686;7;0,16;0,36
2687;8;0,17;0,29
2688;6,6;0,24;0,38
2689;7,2;0,19;0,27
2690;7,6;0,18;0,28
2691;6,9;0,3;0,25
2692;6,2;0,28;0,27
2693;6,9;0,31;0,32
2694;6,7;0,23;0,25
2695;6,2;0,28;0,27
2696;5,7;0,23;0,28
2697;6,5;0,22;0,5
2698;7;0,18;0,37
2699;6,9;0,31;0,32
2700;6,9;0,3;0,25
2701;6,5;0,46;0,31
2702;6,5;0,23;0,36
2703;6,5;0,23;0,36
2704;6,5;0,23;0,36
2705;6,6;0,26;0,38
2706;6,7;0,26;0,39
2707;7,5;0,28;0,39
2708;6,5;0,23;0,36
2709;6,8;0,23;0,42
2710;7,8;0,25;0,34
2711;7,8;0,25;0,34
2712;5,6;0,2;0,22
2713;6,4;0,21;0,44
2714;6,8;0,23;0,42
2715;6,8;0,24;0,37
2716;7,8;0,25;0,28
2717;7,8;0,25;0,34
2718;6,8;0,16;0,29
2719;5,2;0,28;0,29
2720;7,5;0,18;0,31
2721;7,5;0,26;0,3
2722;8,2;0,37;0,64
2723;7,6;0,4;0,27
2724;7,5;0,26;0,25
2725;7,5;0,18;0,31
2726;6,9;0,23;0,32
2727;5,3;0,2;0,31
2728;6,5;0,17;0,31
2729;6,5;0,35;0,28
2730;6,5;0,29;0,31
2731;6,8;0,3;0,22
2732;7,9;0,51;0,36
2733;7,9;0,51;0,34
2734;6,5;0,29;0,31
2735;7,1;0,29;0,28
2736;6,5;0,35;0,28
2737;6,5;0,17;0,31
2738;7,4;0,2;0,28
2739;6,9;0,615;0,42
2740;6,8;0,32;0,28
2741;6,3;0,2;0,19
2742;6,9;0,615;0,42
2743;8;0,23;0,28
2744;6,7;0,27;0,33
2745;6,7;0,27;0,33
2746;6,7;0,44;0,22
2747;7;0,34;0,3
2748;7,3;0,26;0,33
2749;5,8;0,17;0,34
2750;7,3;0,26;0,33
2751;5,8;0,17;0,34
2752;6,8;0,17;0,36
2753;7,1;0,43;0,3
2754;5,8;0,315;0,27
2755;5,9;0,17;0,28
2756;6,6;0,34;0,18
2757;8,6;0,33;0,34
2758;5,6;0,12;0,26
2759;5,8;0,13;0,26
2760;7,7;0,18;0,35
2761;7,7;0,16;0,36
2762;6;0,26;0,15
2763;7,3;0,32;0,35
2764;7,7;0,3;0,34
2765;7,9;0,16;0,3
2766;6,4;0,27;0,29
2767;6,9;0,16;0,37
2768;7,9;0,16;0,3
2769;7,7;0,3;0,34
2770;7,3;0,32;0,35
2771;6,4;0,44;0,44
2772;6,3;0,2;0,24
2773;6,2;0,29;0,32
2774;7,6;0,39;0,32
2775;7;0,36;0,32
2776;7;0,36;0,32
2777;7;0,36;0,32
2778;7,6;0,2;0,36
2779;7,6;0,39;0,32
2780;6,7;0,2;0,37
2781;6,2;0,235;0,34
2782;7,8;0,965;0,6
2783;7,1;0,2;0,31
2784;7,1;0,2;0,31
2785;7,1;0,2;0,31
2786;6,4;0,24;0,25
2787;8;0,3;0,36
2788;6,4;0,24;0,25
2789;6,9;0,4;0,42
2790;6,9;0,4;0,43
2791;7,1;0,2;0,31
2792;6,6;0,25;0,51
2793;6,8;0,26;0,44
2794;6,5;0,37;0,3
2795;6,8;0,35;0,53
2796;6,4;0,22;0,32
2797;6,5;0,37;0,3
2798;6,8;0,35;0,53
2799;6,9;0,31;0,32
2800;6,7;0,16;0,37
2801;6,6;0,25;0,51
2802;6,8;0,26;0,44
2803;5,6;0,15;0,31
2804;5,5;0,15;0,32
2805;6,4;0,22;0,32
2806;7,3;0,2;0,26
2807;7,5;0,17;0,71
2808;7,5;0,18;0,72
2809;7;0,27;0,48
2810;5,8;0,32;0,31
2811;7,8;0,26;0,31
2812;7,4;0,3;0,32
2813;6,7;0,16;0,34
2814;5,8;0,32;0,31
2815;6,7;0,19;0,39
2816;6,6;0,36;0,24
2817;7,2;0,17;0,41
2818;6,7;0,19;0,39
2819;6;0,11;0,47
2820;6;0,21;0,34
2821;6,7;0,325;0,82
2822;6,6;0,4;0,46
2823;6,5;0,2;0,24
2824;7,6;0,27;0,34
2825;7,2;0,26;0,4
2826;6,3;0,25;0,22
2827;6,5;0,22;0,45
2828;6,4;0,14;0,31
2829;6,4;0,14;0,31
2830;7,1;0,26;0,32
2831;6,6;0,22;0,34
2832;6,6;0,45;0,43
2833;6,6;0,17;0,3
2834;7,2;0,44;0,28
2835;6,2;0,15;0,27
2836;6,3;0,25;0,22
2837;6,5;0,22;0,45
2838;7,3;0,26;0,3
2839;6,9;0,15;0,29
2840;5,8;0,22;0,29
2841;6,5;0,37;0,33
2842;5,5;0,375;0,38
2843;5,9;0,2;0,4
2844;5,9;0,22;0,38
2845;8;0,22;0,31
2846;6,5;0,22;0,29
2847;6,9;0,15;0,29
2848;5,8;0,2;0,34
2849;6,6;0,31;0,07
2850;7,7;0,43;0,37
2851;6,7;0,24;0,29
2852;7,3;0,23;0,34
2853;7,9;0,2;0,39
2854;5,3;0,16;0,39
2855;6,4;0,21;0,28
2856;6,9;0,33;0,26
2857;5,6;0,18;0,58
2858;6,6;0,29;0,31
2859;6,9;0,33;0,26
2860;6,6;0,21;0,36
2861;7,3;0,21;0,33
2862;6,4;0,21;0,28
2863;5,1;0,11;0,32
2864;6,5;0,15;0,32
2865;5,3;0,16;0,39
2866;5,6;0,19;0,46
2867;5,6;0,18;0,58
2868;6,7;0,48;0,32
2869;6,2;0,23;0,23
2870;6;0,17;0,29
2871;6,7;0,48;0,32
2872;6,7;0,15;0,38
2873;4,2;0,17;0,36
2874;5,8;0,21;0,32
2875;5,4;0,23;0,36
2876;6,7;0,15;0,38
2877;6,4;0,22;0,31
2878;6,5;0,15;0,55
2879;5,9;0,32;0,33
2880;5,7;0,37;0,3
2881;7,9;0,25;0,35
2882;7,2;0,21;0,28
2883;7;0,24;0,3
2884;6,8;0,475;0,33
2885;7;0,28;0,32
2886;6,9;0,4;0,3
2887;6,6;0,41;0,31
2888;6,4;0,2;0,28
2889;8,5;0,22;0,34
2890;8,4;0,36;0,36
2891;5,2;0,285;0,29
2892;6,9;0,2;0,3
2893;6,7;0,42;0,46
2894;6,2;0,16;0,34
2895;6,4;0,125;0,36
2896;6,4;0,44;0,26
2897;7;0,31;0,39
2898;6,7;0,42;0,46
2899;8,6;0,18;0,28
2900;6,2;0,21;0,26
2901;6,1;0,16;0,37
2902;6,5;0,22;0,32
2903;6,2;0,36;0,14
2904;5,7;0,21;0,25
2905;6,4;0,25;0,32
2906;7,6;0,31;0,26
2907;6,6;0,26;0,46
2908;5,7;0,21;0,25
2909;6,2;0,2;0,31
2910;6,2;0,18;0,3
2911;6,1;0,37;0,2
2912;6,2;0,36;0,14
2913;6,5;0,22;0,32
2914;7,7;0,18;0,3
2915;6,9;0,14;0,38
2916;6,9;0,14;0,38
2917;6;0,44;0,26
2918;7,1;0,36;0,4
2919;5,7;0,28;0,28
2920;6,4;0,16;0,32
2921;7,4;0,28;0,4
2922;6,7;0,39;0,31
2923;6,5;0,44;0,47
2924;6,9;0,22;0,31
2925;6,6;0,22;0,29
2926;7,7;0,25;0,3
2927;5,2;0,155;0,33
2928;7;0,31;0,31
2929;7;0,31;0,31
2930;6,6;0,22;0,29
2931;5,6;0,21;0,4
2932;5,2;0,155;0,33
2933;6,4;0,25;0,32
2934;6,9;0,22;0,31
2935;5,3;0,21;0,29
2936;7,1;0,27;0,28
2937;5,2;0,17;0,27
2938;7,7;0,25;0,3
2939;7;0,12;0,29
2940;7;0,12;0,29
2941;7,1;0,29;0,34
2942;7,2;0,3;0,3
2943;6,8;0,26;0,46
2944;7;0,12;0,29
2945;7,1;0,29;0,34
2946;4,9;0,33;0,31
2947;5,1;0,29;0,28
2948;5,1;0,29;0,28
2949;6,8;0,26;0,48
2950;6;0,28;0,52
2951;6;0,28;0,25
2952;7,2;0,2;0,22
2953;6,1;0,27;0,25
2954;6;0,28;0,25
2955;6,4;0,29;0,3
2956;7,4;0,35;0,24
2957;8,1;0,12;0,38
2958;6,4;0,12;0,3
2959;7,2;0,2;0,22
2960;7,3;0,4;0,26
2961;7,7;0,11;0,34
2962;6,9;0,23;0,41
2963;6,9;0,38;0,38
2964;7,5;0,38;0,29
2965;5,8;0,19;0,24
2966;5,5;0,34;0,26
2967;6,6;0,23;0,3
2968;6,6;0,23;0,3
2969;8,4;0,31;0,31
2970;6,7;0,2;0,3
2971;8,4;0,31;0,31
2972;7,3;0,26;0,24
2973;6,3;0,22;0,22
2974;6,6;0,23;0,3
2975;7,5;0,19;0,4
2976;8;0,14;0,33
2977;6,8;0,32;0,39
2978;6,6;0,23;0,2
2979;6,6;0,23;0,2
2980;6,7;0,36;0,26
2981;6,1;0,38;0,42
2982;8,5;0,23;0,28
2983;7;0,2;0,31
2984;6;0,26;0,32
2985;6,9;0,3;0,3
2986;6,7;0,18;0,28
2987;6,7;0,18;0,28
2988;6,8;0,18;0,28
2989;7,2;0,19;0,31
2990;6,2;0,16;0,32
2991;5;0,27;0,32
2992;6,3;0,37;0,28
2993;6,6;0,2;0,27
2994;6,8;0,18;0,28
2995;6,8;0,18;0,28
2996;6,6;0,28;0,34
2997;6,5;0,35;0,36
2998;6,9;0,25;0,33
2999;6;0,32;0,3
3000;6,8;0,18;0,28
3001;6,7;0,18;0,28
3002;6,6;0,2;0,27
3003;6,3;0,37;0,28
3004;7,2;0,19;0,31
3005;6,3;0,18;0,36
3006;6,9;0,3;0,36
3007;6,2;0,16;0,32
3008;5;0,27;0,32
3009;5;0,3;0,33
3010;6,5;0,2;0,5
3011;6,7;0,25;0,31
3012;6,6;0,22;0,36
3013;6,8;0,25;0,37
3014;7;0,13;0,37
3015;7;0,45;0,34
3016;7,2;0,32;0,3
3017;7;0,13;0,37
3018;5,9;0,34;0,3
3019;6,8;0,22;0,31
3020;7,2;0,32;0,3
3021;8,4;0,32;0,35
3022;6,8;0,27;0,29
3023;8;0,74;0,21
3024;7;0,45;0,34
3025;7;0,13;0,37
3026;5,4;0,22;0,29
3027;8,4;0,22;0,3
3028;7,4;0,32;0,22
3029;7,5;0,18;0,37
3030;7,1;0,47;0,29
3031;7,1;0,47;0,29
3033;6,7;0,14;0,46
3034;6,8;0,24;0,38
3035;6,9;0,25;0,47
3036;6;0,24;0,33
3037;6,8;0,29;0,34
3038;6,3;0,33;0,42
3039;6,5;0,23;0,45
3040;6,3;0,27;0,29
3041;6,3;0,2;0,37
3042;6,2;0,33;0,41
3043;6,3;0,33;0,42
3044;7,2;0,21;1
3045;6;0,27;0,3
3046;5,7;0,12;0,26
3047;6,9;0,24;0,37
3048;7,7;0,18;0,53
3049;7,1;0,17;0,43
3050;7,5;0,33;0,38
3051;6,2;0,255;0,24
3052;7,5;0,33;0,38
3053;5,6;0,2;0,66
3054;7,6;0,17;0,36
3055;5,8;0,15;0,31
3056;6,3;0,25;0,44
3057;6,9;0,28;0,41
3058;7,2;0,27;0,37
3059;6,2;0,25;0,38
3060;8,5;0,19;0,48
3061;6,2;0,25;0,54
3062;6,2;0,25;0,54
3063;6,8;0,28;0,43
3064;6,2;0,25;0,54
3065;7,4;0,21;0,8
3066;7;0,15;0,38
3067;7,4;0,21;0,8
3068;7,3;0,28;0,42
3069;6,1;0,18;0,38
3070;7;0,53;0,43
3071;6,8;0,28;0,43
3072;6,5;0,36;0,38
3073;7,5;0,25;0,47
3074;6,7;0,24;0,41
3075;6,6;0,25;0,33
3076;6,4;0,15;0,4
3077;6,3;0,28;0,3
3078;6,2;0,25;0,38
3079;7,1;0,28;0,35
3080;6,6;0,35;0,34
3081;8,5;0,19;0,48
3082;6,2;0,25;0,54
3083;6;0,35;0,51
3084;5,8;0,31;0,32
3085;6,6;0,17;0,35
3086;8,5;0,23;0,4
3087;5,8;0,31;0,32
3088;6,1;0,2;0,34
3089;6,3;0,37;0,37
3090;6,2;0,36;0,38
3091;6,6;0,17;0,35
3092;6,3;0,28;0,47
3093;7,6;0,27;0,52
3094;7;0,25;0,45
3095;9,7;0,24;0,49
3096;9,7;0,24;0,49
3097;6,8;0,13;0,39
3098;6,6;0,78;0,5
3099;5,1;0,33;0,27
3100;6,7;0,34;0,4
3101;6,7;0,14;0,51
3102;7;0,26;0,34
3103;6,5;0,29;0,26
3104;7;0,25;0,45
3105;7,6;0,21;0,49
3106;7,7;0,26;0,51
3107;7,6;0,27;0,52
3108;7,7;0,25;0,49
3109;7,6;0,35;0,46
3110;6,9;0,3;0,36
3111;6,7;0,24;0,46
3112;6,5;0,23;0,39
3113;7,6;0,23;0,34
3114;6,5;0,24;0,39
3115;6,3;0,17;0,32
3116;6,3;0,17;0,32
3117;6,7;0,21;0,37
3118;6,5;0,23;0,39
3119;5,9;0,28;0,39
3120;5,9;0,19;0,37
3121;6,2;0,25;0,42
3122;7,6;0,23;0,34
3123;5,6;0,18;0,27
3124;5,5;0,18;0,22
3125;6,5;0,24;0,39
3126;7,4;0,23;0,38
3127;7,2;0,17;0,37
3128;7,6;0,3;0,38
3129;5;0,24;0,21
3130;6,1;0,21;0,38
3131;6,5;0,33;0,38
3132;6,3;0,35;0,26
3133;6,3;0,17;0,32
3134;6,6;0,25;0,35
3135;6,5;0,16;0,33
3136;6,6;0,39;0,39
3137;5,6;0,19;0,27
3138;6,2;0,25;0,39
3139;6,9;0,22;0,43
3140;6,2;0,19;0,29
3141;6,6;0,39;0,39
3142;5,9;0,33;0,32
3143;7,8;0,17;0,5
3144;5,5;0,19;0,27
3145;6,2;0,23;0,36
3146;6,2;0,23;0,36
3147;6,2;0,23;0,36
3148;7,2;0,32;0,4
3149;6,2;0,23;0,36
3150;7,2;0,32;0,4
3151;5,8;0,39;0,47
3152;6,2;0,23;0,36
3153;7,6;0,25;1,23
3154;5,8;0,29;0,33
3155;7,2;0,4;0,38
3156;6,8;0,39;0,34
3157;6,1;0,17;0,42
3158;6,8;0,39;0,34
3159;7,1;0,36;0,37
3160;6,9;0,19;0,32
3161;6,5;0,34;0,46
3162;6,1;0,17;0,42
3163;6,8;0,39;0,34
3164;7,1;0,36;0,37
3165;7,8;0,3;0,36
3166;6,1;0,68;0,52
3167;5,2;0,34;0,37
3168;5,6;0,28;0,4
3169;6,2;0,19;0,38
3170;5,7;0,16;0,26
3171;7,6;0,17;0,46
3172;7,3;0,2;0,39
3173;6,7;0,33;0,36
3174;6,7;0,33;0,34
3175;6,9;0,36;0,35
3176;7,8;0,21;0,34
3177;7,3;0,2;0,39
3178;5,6;0,41;0,22
3179;7,6;0,15;0,35
3180;8,5;0,2;0,4
3181;6,5;0,24;0,38
3182;8,3;0,16;0,37
3183;5,5;0,12;0,33
3184;6,5;0,24;0,38
3185;6,2;0,1;0,41
3186;6,5;0,21;0,4
3187;8,7;0,3;0,59
3188;6,7;0,18;0,37
3189;7;0,17;0,36
3190;6,6;0,19;0,33
3191;5,8;0,28;0,3
3192;7,6;0,24;0,44
3193;8,3;0,16;0,37
3194;5,5;0,12;0,33
3195;5,7;0,16;0,32
3196;7;0,21;0,42
3197;6,4;0,22;0,38
3198;7,9;0,34;0,44
3199;6,4;0,22;0,38
3200;6,8;0,21;0,4
3201;5,2;0,31;0,36
3202;7,9;0,34;0,44
3203;5,6;0,42;0,34
3204;6,4;0,22;0,38
3205;6,8;0,28;0,34
3206;6,8;0,45;0,36
3207;6,6;0,29;0,39
3208;6,8;0,21;0,42
3209;6,8;0,25;0,24
3210;6,4;0,21;0,34
3211;5,8;0,33;0,23
3212;8,2;0,3;0,44
3213;6,4;0,24;0,32
3214;7,5;0,18;0,45
3215;5,2;0,335;0,2
3216;7,1;0,14;0,33
3217;7,2;0,13;0,46
3218;5,8;0,33;0,23
3219;6,5;0,29;0,25
3220;6,2;0,35;0,31
3221;9;0,38;0,53
3222;6,6;0,24;0,38
3223;6,6;0,16;0,34
3224;8,2;0,3;0,44
3225;5,7;0,15;0,28
3226;6,6;0,33;0,4
3227;5,7;0,2;0,3
3228;6,8;0,27;0,37
3229;6,8;0,27;0,42
3230;6,2;0,2;0,26
3231;6,7;0,13;0,57
3232;6,8;0,21;0,37
3233;6,7;0,31;0,32
3234;6,2;0,2;0,29
3235;6,6;0,25;0,34
3236;5,7;0,15;0,28
3237;6,9;0,22;0,39
3238;6,4;0,23;0,35
3239;7,6;0,27;0,29
3240;6,6;0,34;0,24
3241;6,4;0,16;0,42
3242;5,8;0,3;0,42
3243;7;0,29;0,35
3244;6,6;0,34;0,24
3245;6,7;0,21;0,36
3246;7,6;0,27;0,29
3247;6,8;0,22;0,41
3248;7,7;0,27;0,49
3249;6,4;0,25;0,37
3250;6,4;0,23;0,35
3251;6,7;0,13;0,45
3252;6,7;0,24;0,37
3253;7,1;0,26;0,37
3254;5,3;0,3;0,16
3255;7,1;0,38;0,4
3256;7,4;0,19;0,31
3257;7,4;0,19;0,31
3258;7,4;0,19;0,31
3259;7,4;0,19;0,31
3260;7,4;0,19;0,31
3261;7,4;0,19;0,31
3262;6,3;0,32;0,32
3263;7,6;0,19;0,32
3264;6,5;0,26;0,31
3265;5,9;0,24;0,12
3266;4,2;0,215;0,23
3267;8,1;0,24;0,32
3268;5,8;0,23;0,2
3269;7,5;0,33;0,36
3270;6,6;0,38;0,36
3271;6,4;0,15;0,29
3272;6,5;0,32;0,34
3273;7,5;0,22;0,32
3274;6,4;0,23;0,32
3275;6,1;0,22;0,31
3276;6,5;0,48;0,02
3277;6,6;0,23;0,3
3278;6,4;0,16;0,25
3279;6,6;0,38;0,36
3280;7,4;0,16;0,32
3281;6,4;0,15;0,29
3282;6,5;0,32;0,3
3283;6,7;0,12;0,36
3284;6,6;0,2;0,14
3285;8;0,34;0,25
3286;6,8;0,21;0,31
3287;6,8;0,23;0,31
3288;6,8;0,21;0,31
3289;6,6;0,2;0,14
3290;6,6;0,28;0,42
3291;7,8;0,25;0,37
3292;5,6;0,12;0,33
3293;6,6;0,28;0,41
3294;6,8;0,17;0,35
3295;7,3;0,25;0,28
3296;6,6;0,28;0,41
3297;6,6;0,28;0,42
3298;6,5;0,25;0,5
3299;6,3;0,24;0,35
3300;6,8;0,32;0,32
3301;7,8;0,25;0,37
3302;5,6;0,12;0,33
3303;6,6;0,24;0,28
3304;6,3;0,22;0,34
3305;6;0,32;0,3
3306;6,3;0,19;0,29
3307;6;0,32;0,3
3308;9,4;0,24;0,29
3309;6,4;0,35;0,28
3310;6,7;0,46;0,27
3311;6,3;0,3;0,29
3312;6;0,19;0,29
3313;5,9;0,24;0,28
3314;7,3;0,145;0,33
3315;6,6;0,435;0,38
3316;5,8;0,18;0,37
3317;5,8;0,18;0,37
3318;5,6;0,32;0,32
3319;6,6;0,16;0,35
3320;5,1;0,21;0,28
3321;7,5;0,29;0,36
3322;6;0,26;0,33
3323;5,7;0,26;0,3
3324;7,1;0,17;0,31
3325;6,9;0,17;0,3
3326;6,8;0,25;0,28
3327;6,6;0,17;0,28
3328;5,8;0,17;0,36
3329;6,4;0,24;0,29
3330;6,7;0,21;0,34
3331;6,7;0,23;0,33
3332;6,8;0,23;0,32
3333;6,5;0,22;0,28
3334;5,1;0,165;0,22
3335;6,6;0,425;0,25
3336;6,9;0,38;0,29
3337;6,9;0,38;0,29
3338;6,9;0,38;0,29
3339;7,2;0,27;0,28
3340;7,6;0,17;0,27
3341;6,2;0,3;0,31
3342;7,6;0,17;0,27
3343;6,5;0,26;0,32
3344;6,9;0,36;0,28
3345;6,9;0,38;0,29
3346;6,8;0,18;0,24
3347;6,7;0,18;0,24
3348;6,6;0,16;0,21
3349;7,2;0,27;0,28
3350;6,4;0,17;0,27
3351;7,2;0,22;0,28
3352;6;0,22;0,28
3353;6,7;0,36;0,28
3354;6,5;0,43;0,28
3355;5,9;0,2;0,28
3356;5,3;0,32;0,23
3357;6,8;0,2;0,28
3358;6;0,22;0,33
3359;6,7;0,36;0,28
3360;6,5;0,43;0,28
3361;7,1;0,18;0,49
3362;6,4;0,17;0,27
3363;7,2;0,22;0,28
3364;6;0,22;0,28
3365;6;0,2;0,26
3366;7,6;0,2;0,26
3367;6,2;0,3;0,21
3368;6;0,29;0,25
3369;6,6;0,18;0,28
3370;7;0,22;0,28
3371;6;0,29;0,25
3372;6,2;0,3;0,21
3373;5,6;0,15;0,26
3374;6,9;0,28;0,24
3375;5,9;0,19;0,21
3376;7,8;0,22;0,26
3377;6,6;0,18;0,28
3378;7;0,4;0,25
3379;6,1;0,28;0,27
3380;7,6;0,36;0,49
3381;6,5;0,28;0,34
3382;6,9;0,19;0,35
3383;6,5;0,28;0,34
3384;6,4;0,22;0,32
3385;6,8;0,23;0,3
3386;6,4;0,32;0,31
3387;6,1;0,28;0,27
3388;7,6;0,36;0,49
3389;8,8;0,39;0,35
3390;6,6;0,24;0,3
3391;6,9;0,29;0,3
3392;6,9;0,28;0,3
3393;6,7;0,38;0,26
3394;8;0,28;0,3
3395;6,5;0,25;0,45
3396;6,6;0,26;0,46
3397;7,4;0,29;0,28
3398;6,3;0,19;0,29
3399;6,1;0,33;0,32
3400;5,6;0,32;0,33
3401;7,7;0,46;0,18
3402;8,8;0,19;0,3
3403;7,7;0,46;0,18
3404;8,8;0,27;0,25
3405;5,8;0,18;0,28
3406;5,8;0,15;0,32
3407;5,6;0,32;0,33
3408;6,1;0,33;0,32
3409;7,1;0,32;0,3
3410;6,2;0,23;0,35
3411;8,9;0,3;0,35
3412;6;0,14;0,17
3413;6,8;0,24;0,29
3414;6,7;0,21;0,48
3415;8,9;0,3;0,35
3416;6,1;0,3;0,3
3417;7,2;0,37;0,4
3418;6,7;0,64;0,3
3419;7,2;0,37;0,4
3420;6,1;0,3;0,3
3421;7,6;0,28;0,49
3422;6,3;0,29;0,28
3423;6,2;0,28;0,28
3424;7,1;0,18;0,39
3425;6,4;0,32;0,27
3426;7,1;0,17;0,4
3427;7,1;0,17;0,4
3428;5,8;0,24;0,26
3429;6,4;0,32;0,27
3430;7,1;0,18;0,39
3431;7,1;0,17;0,4
3432;7,1;0,18;0,39
3433;7,8;0,29;0,29
3434;6,2;0,255;0,27
3435;8,2;0,34;0,29
3436;6,5;0,24;0,28
3437;6,9;0,24;0,23
3438;6,7;0,4;0,22
3439;6,7;0,3;0,44
3440;6,7;0,4;0,22
3441;6,8;0,17;0,32
3442;7,1;0,25;0,28
3443;5,9;0,27;0,27
3444;6;0,16;0,22
3445;6,7;0,3;0,44
3446;6,6;0,15;0,32
3447;7,3;0,34;0,3
3448;6;0,17;0,29
3449;6,7;0,47;0,29
3450;6,6;0,15;0,32
3451;6,6;0,21;0,29
3452;6,6;0,21;0,29
3453;8;0,24;0,48
3454;5,6;0,34;0,3
3455;5,8;0,54;0
3456;7,3;0,23;0,24
3457;6;0,39;0,13
3458;6,1;0,105;0,31
3459;5,8;0,32;0,2
3460;7,6;0,22;0,28
3461;6,8;0,19;0,4
3462;6,7;0,24;0,3
3463;6,8;0,17;0,34
3464;6,2;0,3;0,31
3465;6,9;0,29;0,41
3466;6,8;0,19;0,34
3467;6,8;0,17;0,34
3468;6,6;0,24;0,27
3469;6,6;0,16;0,36
3470;7,6;0,22;0,28
3471;6,7;0,24;0,3
3472;6,8;0,19;0,4
3473;6,7;0,16;0,36
3474;6,5;0,3;0,27
3475;6,5;0,22;0,19
3476;6,2;0,36;0,45
3477;6,2;0,37;0,24
3478;7,6;0,31;0,24
3479;6,2;0,36;0,45
3480;5,9;0,32;0,28
3481;6,5;0,3;0,27
3482;5,8;0,22;0,3
3483;5,4;0,45;0,27
3484;6,1;0,36;0,26
3485;6,2;0,37;0,24
3486;7,5;0,21;0,32
3487;6,9;0,28;0,33
3488;6,5;0,22;0,19
3489;7,8;0,2;0,2
3490;6,7;0,28;0,31
3491;7,6;0,31;0,24
3492;8;0,2;0,44
3493;6;0,28;0,27
3494;6;0,28;0,27
3495;6,7;0,24;0,36
3496;6,3;0,22;0,28
3497;6;0,24;0,28
3498;7,7;0,43;1
3499;6,4;0,3;0,36
3500;6,1;0,33;0,3
3501;6;0,28;0,27
3502;6,7;0,24;0,36
3503;6,7;0,29;0,45
3504;6,9;0,33;0,31
3505;6,5;0,16;0,34
3506;6;0,2;0,32
3507;7,5;0,33;0,28
3508;7,1;0,36;0,28
3509;6,7;0,29;0,45
3510;6,4;0,26;0,25
3511;7;0,22;0,24
3512;6,5;0,19;0,28
3513;6,3;0,21;0,31
3514;7,9;0,35;0,28
3515;7,7;0,38;0,23
3516;6,8;0,19;0,33
3517;7,2;0,33;0,34
3518;6,6;0,29;0,29
3519;7,5;0,2;0,41
3520;6,9;0,33;0,62
3521;6;0,23;0,15
3522;5,9;0,23;0,24
3523;6,6;0,32;0,41
3524;6;0,23;0,15
3525;5,3;0,36;0,27
3526;5,3;0,36;0,27
3527;8,9;0,27;0,28
3528;7,6;0,23;0,29
3529;6,9;0,75;0,13
3530;7,1;0,35;0,27
3531;7,2;0,31;0,35
3532;6,4;0,28;0,44
3533;7,2;0,23;0,46
3534;6,6;0,22;0,3
3535;7,2;0,31;0,35
3536;6,4;0,28;0,44
3537;7,2;0,24;0,28
3538;6,2;0,27;0,47
3539;6,5;0,28;0,25
3540;7,2;0,27;0,31
3541;7,8;0,28;0,25
3542;8,1;0,26;0,27
3543;6,6;0,23;0,37
3544;6;0,33;0,2
3545;6;0,33;0,2
3546;7,3;0,2;0,29
3547;6,6;0,23;0,37
3548;7,3;0,2;0,29
3549;6,2;0,47;0,19
3550;6;0,33;0,2
3551;7,2;0,14;0,32
3552;5,7;0,22;0,22
3553;5,7;0,22;0,22
3554;5,7;0,22;0,22
3555;8,1;0,2;0,28
3556;5,8;0,14;0,15
3557;4,8;0,21;0,21
3558;8,1;0,2;0,28
3559;5,7;0,22;0,22
3560;7,5;0,34;0,24
3561;6,6;0,64;0,28
3562;7;0,48;0,12
3563;7,6;0,37;0,34
3564;7;0,48;0,12
3565;6,6;0,64;0,28
3566;8;0,25;0,27
3567;7,6;0,38;0,28
3568;6,9;0,26;0,27
3569;7,8;0,15;0,34
3570;8;0,25;0,27
3571;6,9;0,26;0,27
3572;5,9;0,655;0
3573;7,6;0,38;0,28
3574;7,8;0,31;0,4
3575;8,1;0,17;0,21
3576;6,8;0,18;0,28
3577;7,4;0,28;0,36
3578;7,3;0,23;0,27
3579;6,7;0,22;0,22
3580;7,4;0,25;0,28
3581;7,5;0,3;0,21
3582;7,2;0,26;0,24
3583;6,3;0,32;0,32
3584;7,7;0,24;0,3
3585;7,4;0,25;0,28
3586;7;0,24;0,35
3587;5,8;0,28;0,28
3588;6,8;0,19;0,71
3589;6,8;0,19;0,71
3590;6,8;0,19;0,71
3591;6,6;0,19;0,35
3592;6,4;0,28;0,36
3593;5,6;0,28;0,27
3594;5,6;0,28;0,28
3595;6,8;0,19;0,32
3596;7,2;0,16;0,29
3597;6,6;0,17;0,28
3598;6,6;0,19;0,28
3599;5,8;0,2;0,24
3600;6,6;0,39;0,38
3601;6,8;0,12;0,3
3602;6,6;0,295;0,24
3603;6,6;0,26;0,24
3604;7;0,32;0,27
3605;7,4;0,36;0,23
3606;6,7;0,35;0,48
3607;6,4;0,38;0,24
3608;6,8;0,14;0,18
3609;7;0,16;0,25
3610;7;0,16;0,25
3611;6,7;0,35;0,48
3612;6,8;0,14;0,18
3613;6,8;0,16;0,18
3614;7;0,16;0,25
3615;6,4;0,38;0,24
3616;7,2;0,24;0,3
3617;7,7;0,32;0,61
3618;7;0,29;0,33
3619;7,1;0,27;0,24
3620;6,8;0,45;0,28
3621;6,3;0,2;0,26
3622;7,1;0,27;0,24
3623;7,2;0,24;0,3
3624;6,8;0,45;0,28
3625;6,6;0,36;0,28
3626;7,7;0,32;0,61
3627;7;0,29;0,33
3628;6,4;0,37;0,2
3629;6,4;0,38;0,2
3630;6,4;0,36;0,2
3631;6,6;0,3;0,25
3632;6,6;0,3;0,25
3633;6,5;0,21;0,51
3634;6,6;0,3;0,25
3635;7,6;0,31;0,27
3636;5,8;0,58;0
3637;6,5;0,26;0,39
3638;8,7;0,3;0,34
3639;6,4;0,29;0,32
3640;6,7;0,13;0,32
3641;6,8;0,19;0,33
3642;6;0,25;0,4
3643;6;0,25;0,4
3644;6,8;0,19;0,33
3645;6,4;0,24;0,23
3646;5,9;0,18;0,28
3647;7,2;0,33;0,22
3648;6,4;0,29;0,24
3649;7,3;0,31;0,25
3650;7;0,29;0,37
3651;6,9;0,19;0,6
3652;6,3;0,32;0,17
3653;6,6;0,085;0,33
3654;6,3;0,32;0,17
3655;6,8;0,18;0,32
3656;6,8;0,52;0,26
3657;7,1;0,28;0,28
3658;5,7;0,15;0,47
3659;5,8;0,275;0,3
3660;5,4;0,53;0,16
3661;5,8;0,32;0,28
3662;6,7;0,22;0,39
3663;6,1;0,6;0,12
3664;6,5;0,26;0,31
3665;5;0,29;0,54
3666;5,4;0,53;0,16
3667;6,8;0,21;0,26
3668;5,8;0,32;0,28
3669;6,5;0,27;0,26
3670;5,9;0,37;0,32
3671;6,2;0,21;0,18
3672;6,8;0,3;0,29
3673;7,3;0,41;0,29
3674;5,4;0,3;0,3
3675;6,6;0,34;0,2
3676;5,6;0,25;0,19
3677;5,3;0,3;0,3
3678;6,9;0,58;0,58
3679;7,2;0,23;0,25
3680;7,1;0,2;0,27
3681;6,8;0,15;0,41
3682;7;0,22;0,26
3683;6,4;0,16;0,44
3684;6,8;0,15;0,41
3685;6,8;0,31;0,3
3686;6,8;0,15;0,41
3687;7,6;0,3;0,37
3688;6;0,16;0,27
3689;7,1;0,21;0,35
3690;7;0,22;0,26
3691;5,6;0,21;0,24
3692;7,4;0,22;0,26
3693;7,1;0,2;0,27
3694;6,8;0,31;0,3
3695;7,2;0,23;0,25
3696;6,4;0,15;0,4
3697;6,4;0,16;0,44
3698;6,8;0,15;0,41
3699;6,3;0,22;0,34
3700;7,6;0,3;0,37
3701;7;0,3;0,27
3702;6,6;0,26;0,22
3703;7,5;0,24;0,31
3704;7,5;0,24;0,31
3705;7,5;0,24;0,31
3706;7,5;0,24;0,31
3707;6,6;0,15;0,34
3708;6,7;0,34;0,43
3709;7,7;0,35;0,46
3710;6,7;0,31;0,09
3711;4,7;0,67;0,09
3712;7,5;0,24;0,31
3713;6,3;0,2;0,18
3714;6,6;0,28;0,23
3715;8,5;0,18;0,3
3716;6,5;0,35;0,38
3717;6,8;0,22;0,26
3718;6,3;0,18;0,24
3719;6,6;0,26;0,22
3720;6,6;0,3;0,45
3721;6,3;0,34;0,27
3722;7,7;0,3;0,23
3723;7,7;0,31;0,23
3724;5,7;0,265;0,28
3725;5,4;0,255;0,33
3726;6,6;0,26;0,28
3727;4,8;0,17;0,28
3728;5,7;0,265;0,28
3729;6,2;0,2;0,33
3730;7,5;0,28;0,41
3731;6,2;0,22;0,2
3732;7;0,34;0,26
3733;7,5;0,28;0,41
3734;6,5;0,19;0,34
3735;6;0,21;0,29
3736;6,1;0,22;0,46
3737;6,5;0,32;0,48
3738;7,1;0,21;0,72
3739;5,6;0,26;0,18
3740;7;0,15;0,28
3741;7;0,15;0,28
3742;7;0,15;0,28
3743;7;0,15;0,28
3744;7;0,15;0,28
3745;7;0,15;0,28
3746;7;0,15;0,28
3747;7,4;0,27;0,28
3748;6,8;0,22;0,3
3749;6,2;0,24;0,25
3750;6,3;0,28;0,29
3751;7;0,15;0,28
3752;5,5;0,17;0,23
3753;6,5;0,26;0,34
3754;6,6;0,27;0,33
3755;5,4;0,46;0,15
3756;7,8;0,19;0,32
3757;5,5;0,17;0,23
3758;6,5;0,26;0,34
3759;6,6;0,27;0,33
3760;7,8;0,19;0,32
3761;7,8;0,2;0,32
3762;6,1;0,17;0,28
3763;7,4;0,2;0,35
3764;6,7;0,39;0,24
3765;5,4;0,46;0,15
3766;6,9;0,4;0,17
3767;6,9;0,4;0,17
3768;6,9;0,4;0,17
3769;6,3;0,24;0,29
3770;6,9;0,4;0,17
3771;7,4;0,27;0,31
3772;6,1;0,27;0,28
3773;6,3;0,24;0,29
3774;5;0,61;0,12
3775;6,7;0,42;0,39
3776;6,5;0,33;0,28
3777;6,9;0,33;0,31
3778;6,5;0,33;0,28
3779;6,3;0,15;0,3
3780;6,5;0,32;0,45
3781;6,7;0,42;0,39
3782;7,4;0,25;0,29
3783;7,6;0,27;0,3
3784;6,4;0,27;0,45
3785;6,5;0,25;0,27
3786;5,6;0,19;0,31
3787;7,4;0,29;0,48
3788;6,4;0,34;0,44
3789;6,6;0,27;0,52
3790;6,6;0,26;0,52
3791;6,4;0,27;0,45
3792;6,5;0,26;0,5
3793;6,8;0,25;0,3
3794;6,3;0,32;0,26
3795;5,5;0,24;0,45
3796;6,5;0,25;0,27
3797;6,6;0,13;0,29
3798;7;0,39;0,21
3799;7,9;0,21;0,39
3800;7;0,3;0,28
3801;8,1;0,2;0,3
3802;8,3;0,18;0,3
3803;7,9;0,21;0,39
3804;7,2;0,17;0,34
3805;8,1;0,2;0,3
3806;8,3;0,18;0,3
3807;7;0,39;0,21
3808;6,8;0,21;0,62
3809;6,9;0,21;0,62
3810;7,2;0,17;0,34
3811;6,8;0,26;0,34
3812;7,2;0,28;0,38
3813;7,9;0,21;0,39
3814;7;0,3;0,28
3815;7,4;0,34;0,28
3816;6,3;0,43;0,32
3817;6,8;0,41;0,3
3818;6,3;0,4;0,24
3819;5,1;0,35;0,26
3820;5,1;0,35;0,26
3821;6,3;0,3;0,2
3822;6,9;0,28;0,28
3823;7;0,33;0,28
3824;6,7;0,26;0,49
3825;7,3;0,24;0,3
3826;6,7;0,46;0,21
3827;5,1;0,35;0,26
3828;5,1;0,23;0,18
3829;6,3;0,4;0,24
3830;7,1;0,44;0,23
3831;4,8;0,26;0,23
3832;6,8;0,31;0,19
3833;6,8;0,31;0,19
3834;7;0,15;0,29
3835;6,5;0,41;0,22
3836;6,2;0,31;0,23
3837;8;0,27;0,33
3838;8;0,27;0,33
3839;6,5;0,41;0,22
3840;6,2;0,31;0,23
3841;6,7;0,37;0,25
3842;6,6;0,21;0,5
3843;7,5;0,26;0,31
3844;7,5;0,34;0,28
3845;6,7;0,37;0,25
3846;6,4;0,32;0,23
3847;6,7;0,24;0,32
3848;6,4;0,32;0,23
3849;7,1;0,39;0,79
3850;8,2;0,31;0,43
3851;6,7;0,24;0,32
3852;5,9;0,17;0,29
3853;5,9;0,2;0,23
3854;6,6;0,32;0,26
3855;5,9;0,12;0,27
3856;5,9;0,18;0,29
3857;5,9;0,2;0,23
3858;5,4;0,17;0,27
3859;6,1;0,21;0,3
3860;7,3;0,25;0,26
3861;7,3;0,25;0,26
3862;6,2;0,22;0,3
3863;6,5;0,27;0,19
3864;6,5;0,27;0,19
3865;6,6;0,39;0,22
3866;6;0,31;0,38
3867;8,4;0,23;0,32
3868;7,3;0,25;0,26
3869;6;0,22;0,25
3870;6,2;0,22;0,3
3871;6,1;0,23;0,27
3872;6,5;0,27;0,19
3873;7,3;0,36;0,54
3874;7,6;0,37;0,51
3875;6,7;0,26;0,51
3876;7,4;0,22;0,27
3877;6,1;0,22;0,28
3878;7,1;0,28;0,31
3879;6,5;0,35;0,31
3880;6,8;0,73;0,2
3881;6;0,28;0,24
3882;6;0,28;0,24
3883;7,1;0,2;0,37
3884;6,8;0,33;0,31
3885;6;0,28;0,24
3886;7,2;0,24;0,36
3887;6,8;0,33;0,31
3888;7,2;0,24;0,36
3889;6;0,28;0,24
3890;6,2;0,27;0,26
3891;6,4;0,38;0,26
3892;7,1;0,2;0,37
3893;6;0,21;0,3
3894;7;0,34;0,1
3895;5,9;0,435;0,16
3896;7;0,25;0,33
3897;6,7;0,26;0,29
3898;7;0,24;0,3
3899;8,5;0,23;0,34
3900;6;0,21;0,3
3901;7;0,34;0,1
3902;4,8;0,65;0,12
3903;6,1;0,22;0,38
3904;5,8;0,27;0,26
3905;5;0,455;0,18
3906;6,5;0,33;0,3
3907;6,5;0,33;0,3
3908;6,7;0,31;0,3
3909;6,2;0,39;0,24
3910;6,2;0,39;0,24
3911;7,1;0,37;0,3
3912;7,2;0,23;0,82
3913;6,5;0,33;0,3
3914;7,2;0,25;0,32
3915;6,2;0,39;0,24
3916;4,7;0,455;0,18
3917;7,1;0,37;0,3
3918;6,2;0,28;0,51
3919;6,4;0,35;0,28
3920;6,6;0,31;0,28
3921;7,4;0,25;0,37
3922;7,3;0,36;0,34
3923;6,7;0,31;0,3
3924;8,6;0,31;0,3
3925;8,6;0,31;0,3
3926;8,6;0,22;0,33
3927;6,9;0,14;0,29
3928;6,5;0,22;0,31
3929;6,6;0,32;0,47
3930;6,6;0,32;0,47
3931;6,1;0,28;0,26
3932;6,2;0,3;0,28
3933;6,9;0,22;0,28
3934;8,7;0,31;0,21
3935;7,3;0,27;0,3
3936;7;0,46;0,2
3937;5,7;0,23;0,25
3938;6,5;0,36;0,36
3939;8,2;0,18;0,38
3940;6,2;0,27;0,32
3941;6,9;0,4;0,37
3942;4,9;0,345;0,34
3943;7,2;0,23;0,39
3944;6,4;0,2;0,15
3945;6,1;0,27;0,32
3946;6,2;0,27;0,32
3947;6;0,3;0,33
3948;6,1;0,3;0,32
3949;5,7;0,14;0,3
3950;6,9;0,4;0,37
3951;4,9;0,345;0,34
3952;6,3;0,33;0,2
3953;7;0,16;0,3
3954;8,4;0,22;0,3
3955;6,3;0,33;0,2
3956;7;0,16;0,3
3957;5,4;0,24;0,18
3958;7,7;0,31;0,36
3959;5,6;0,185;0,19
3960;5,6;0,185;0,19
3961;6,6;0,43;0,24
3962;7,6;0,39;0,46
3963;7,2;0,58;0,27
3964;6;0,34;0,32
3965;7,5;0,35;0,48
3966;7,3;0,38;0,23
3967;5,4;0,185;0,19
3968;6,3;0,27;0,51
3969;6,5;0,29;0,52
3970;6,4;0,17;0,3
3971;6,7;0,18;0,31
3972;6,4;0,17;0,3
3973;6,8;0,37;0,67
3974;6,3;0,27;0,51
3975;6,5;0,29;0,52
3976;6,1;0,24;0,26
3977;7;0,32;0,29
3978;6,9;0,27;0,25
3979;6,5;0,29;0,53
3980;6,5;0,29;0,52
3981;6,1;0,22;0,25
3982;6,3;0,22;0,27
3983;6,1;0,24;0,26
3984;5,6;0,23;0,25
3985;7;0,32;0,29
3986;6,8;0,11;0,27
3987;6,8;0,11;0,27
3988;7,3;0,23;0,41
3989;6,1;0,2;0,17
3990;6,8;0,11;0,27
3991;7,3;0,23;0,41
3992;6,9;0,2;0,41
3993;6,7;0,19;0,32
3994;6,7;0,28;0,34
3995;6,7;0,28;0,34
3996;8;0,37;0,31
3997;6,7;0,28;0,34
3998;6;0,26;0,29
3999;6,4;0,24;0,49
4000;6,4;0,24;0,49
4001;6,4;0,24;0,49
4002;6,4;0,25;0,57
4003;6,1;0,25;0,48
4004;6,8;0,14;0,35
4005;6,5;0,38;0,26
4006;6,8;0,14;0,35
4007;5,4;0,15;0,32
4008;6,4;0,25;0,57
4009;6,1;0,25;0,48
4010;6,8;0,22;0,32
4011;7,2;0,21;0,29
4012;6;0,26;0,29
4013;6,4;0,24;0,49
4014;6,5;0,46;0,24
4015;6,5;0,18;0,48
4016;6,2;0,32;0,12
4017;7,2;0,4;0,24
4018;5,9;0,23;0,24
4019;6,4;0,18;0,48
4020;6,2;0,32;0,12
4021;6,4;0,37;0,12
4022;7;0,23;0,42
4023;7,2;0,4;0,24
4024;7,6;0,19;0,37
4025;6;0,28;0,27
4026;6,2;0,32;0,45
4027;7,6;0,19;0,37
4028;6,4;0,26;0,26
4029;5,9;0,25;0,27
4030;6,1;0,28;0,3
4031;6,9;0,19;0,38
4032;6,4;0,29;0,57
4033;6,8;0,27;0,22
4034;7,5;0,26;0,38
4035;6,8;0,27;0,22
4036;6,4;0,2;0,22
4037;7,3;0,33;0,22
4038;7,3;0,34;0,22
4039;6,4;0,29;0,57
4040;6,1;1,1;0,16
4041;6,3;0,24;0,29
4042;6,2;0,24;0,22
4043;7,4;0,16;0,27
4044;7,4;0,16;0,27
4045;7,4;0,16;0,27
4046;7,4;0,16;0,27
4047;7,2;0,17;0,28
4048;6,9;0,19;0,35
4049;6,9;0,19;0,35
4050;6,8;0,16;0,36
4051;7,4;0,16;0,27
4052;6,8;0,3;0,27
4053;6,2;0,24;0,22
4054;7,4;0,16;0,27
4055;7,2;0,17;0,28
4056;6,8;0,3;0,27
4057;6,5;0,43;0,18
4058;6,6;0,17;0,36
4059;6,9;0,19;0,35
4060;6,8;0,16;0,36
4061;6,4;0,41;0,01
4062;6,4;0,41;0,01
4063;7,4;0,36;0,32
4064;6,1;0,17;0,21
4065;5,5;0,28;0,21
4066;6,6;0,5;0,26
4067;7,1;0,44;0,27
4068;6,9;0,38;0,28
4069;7,1;0,44;0,27
4070;6,2;0,24;0,28
4071;6,1;0,28;0,27
4072;7,6;0,26;0,32
4073;7,5;0,16;0,38
4074;6,5;0,36;0,16
4075;6,6;0,35;0,19
4076;5,7;0,25;0,26
4077;7,4;0,37;0,26
4078;5,7;0,25;0,21
4079;5,8;0,23;0,21
4080;5,4;0,265;0,28
4081;5,7;0,25;0,27
4082;5,7;0,25;0,26
4083;5,9;0,23;0,28
4084;6,2;0,3;0,32
4085;6,5;0,33;0,24
4086;7,4;0,26;0,29
4087;7;0,2;0,4
4088;6,5;0,21;0,42
4089;7,3;0,25;0,27
4090;6,8;0,27;0,24
4091;6,7;0,24;0,3
4092;6,4;0,14;0,28
4093;6,4;0,5;0,2
4094;6,6;0,41;0,27
4095;6,4;0,25;0,28
4096;6,6;0,41;0,27
4097;8;0,25;0,35
4098;6,4;0,14;0,28
4099;6,6;0,21;0,34
4100;6,4;0,5;0,2
4101;6,3;0,29;0,23
4102;6,9;0,37;0,23
4103;6,9;0,37;0,23
4104;5,7;0,31;0,28
4105;6,9;0,45;0,27
4106;6,9;0,3;0,45
4107;5,3;0,23;0,56
4108;6,8;0,3;0,26
4109;6,7;0,28;0,42
4110;5;0,255;0,22
4111;7,6;0,4;0,27
4112;5,5;0,21;0,25
4113;6;0,2;0,25
4114;6,1;0,17;0,29
4115;7,5;0,21;0,29
4116;7,3;0,26;0,32
4117;6,2;0,35;0,2
4118;6,2;0,35;0,2
4119;6,5;0,43;0,31
4120;6,5;0,4;0,31
4121;7,4;0,28;0,5
4122;6,3;0,23;0,22
4123;6,2;0,34;0,25
4124;6,6;0,44;0,32
4125;6;0,13;0,36
4126;6,3;0,17;0,23
4127;6,3;0,18;0,22
4128;6,7;0,31;0,34
4129;6,6;0,33;0,32
4130;6,3;0,34;0,31
4131;6,8;0,29;0,32
4132;7,4;0,31;0,26
4133;7,4;0,31;0,26
4134;5,7;0,25;0,27
4135;6,8;0,27;0,28
4136;5,9;0,26;0,24
4137;5,9;0,65;0,23
4138;7,4;0,31;0,26
4139;6,6;0,23;0,32
4140;6,8;0,18;0,35
4141;6,8;0,28;0,29
4142;6,8;0,28;0,29
4143;5,9;0,27;0,27
4144;6,1;0,25;0,28
4145;6,8;0,28;0,29
4146;6,8;0,26;0,29
4147;7,1;0,13;0,29
4148;6,8;0,18;0,35
4149;6,2;0,2;0,25
4150;5,8;0,24;0,28
4151;7,6;0,48;0,31
4152;7,4;0,26;0,32
4153;6,2;0,2;0,25
4154;6,1;0,3;0,47
4155;6,2;0,32;0,5
4156;6,1;0,3;0,47
4157;6,3;0,34;0,52
4158;7,4;0,16;0,3
4159;7,4;0,16;0,3
4160;7,4;0,16;0,3
4161;7,4;0,16;0,3
4162;7,4;0,16;0,3
4163;7,4;0,16;0,3
4164;7,2;0,26;0,38
4165;7;0,31;0,35
4166;6,6;0,22;0,35
4167;5,8;0,23;0,31
4168;6,3;0,17;0,32
4169;6;0,19;0,26
4170;6,7;0,21;0,34
4171;7,4;0,16;0,3
4172;6,6;0,22;0,37
4173;6,8;0,34;0,27
4174;7,1;0,34;0,86
4175;6,3;0,24;0,22
4176;6,9;0,35;0,39
4177;6,8;0,24;0,33
4178;6,4;0,25;0,33
4179;5,8;0,19;0,33
4180;6,9;0,24;0,4
4181;6,5;0,31;0,61
4182;6,6;0,25;0,32
4183;7,5;0,38;0,56
4184;6,2;0,3;0,3
4185;6,4;0,33;0,28
4186;6,9;0,24;0,4
4187;7,6;0,27;0,32
4188;5,9;0,24;0,34
4189;5,3;0,33;0,3
4190;6,4;0,21;0,21
4191;7;0,22;0,3
4192;7,8;0,27;0,35
4193;6,7;0,2;0,24
4194;8,1;0,27;0,33
4195;6,7;0,2;0,24
4196;7,1;0,45;0,24
4197;5,8;0,22;0,29
4198;6,3;0,3;0,48
4199;7,9;0,36;0,53
4200;8,1;0,27;0,33
4201;8;0,24;0,33
4202;6,7;0,41;0,27
4203;6,7;0,24;0,31
4204;6,2;0,3;0,32
4205;6,9;0,26;0,38
4206;6,7;0,41;0,27
4207;5,9;0,32;0,2
4208;6,1;0,25;0,3
4209;5,6;0,23;0,29
4210;6,6;0,23;0,32
4211;6;0,17;0,21
4212;7,1;0,38;0,42
4213;6,6;0,31;0,37
4214;6,5;0,38;0,53
4215;7;0,44;0,24
4216;7;0,44;0,24
4217;7;0,44;0,24
4218;6,1;0,38;0,14
4219;8;0,33;0,32
4220;7;0,44;0,24
4221;6;0,19;0,29
4222;6,3;0,28;0,34
4223;6,1;0,38;0,14
4224;5,3;0,43;0,11
4225;5,4;0,22;0,35
4226;6,2;0,345;0,27
4227;5,6;0,255;0,57
4228;5,2;0,2;0,27
4229;6,2;0,29;0,23
4230;6,3;0,26;0,25
4231;6;0,22;0,23
4232;7,5;0,35;0,37
4233;6,6;0,39;0,28
4234;6,3;0,23;0,33
4235;6,3;0,22;0,3
4236;6,4;0,29;0,18
4237;6,4;0,29;0,18
4238;7,5;0,23;0,3
4239;6,4;0,29;0,18
4240;5,7;0,28;0,36
4241;6,5;0,26;0,24
4242;6,4;0,27;0,29
4243;5,9;0,22;0,29
4244;6,8;0,26;0,26
4245;7,6;0,36;0,48
4246;7,6;0,35;0,47
4247;5,7;0,18;0,26
4248;6,6;0,36;0,47
4249;5,9;0,14;0,2
4250;5,5;0,23;0,19
4251;6,7;0,11;0,26
4252;7;0,24;0,24
4253;6,7;0,11;0,26
4254;5,3;0,47;0,1
4255;7,5;0,29;0,24
4256;6;0,33;0,26
4257;6;0,33;0,26
4258;5,8;0,32;0,23
4259;5,8;0,3;0,23
4260;3,8;0,31;0,02
4261;6,2;0,36;0,22
4262;6;0,31;0,27
4263;6,9;0,52;0,54
4264;7;0,55;0,05
4265;5,8;0,2;0,16
4266;6,2;0,36;0,22
4267;6;0,31;0,27
4268;6;0,29;0,27
4269;5,7;0,22;0,29
4270;7,1;0,46;0,23
4271;6,6;0,21;0,3
4272;6,9;0,42;0,2
4273;5,7;0,22;0,2
4274;5,7;0,22;0,2
4275;5,7;0,22;0,2
4276;5,7;0,22;0,2
4277;5,2;0,31;0,2
4278;7,2;0,22;0,35
4279;5,6;0,18;0,29
4280;6,2;0,24;0,27
4281;5,7;0,22;0,2
4282;5,7;0,26;0,24
4283;5,7;0,26;0,24
4284;6;0,2;0,26
4285;6;0,2;0,26
4286;6;0,2;0,26
4287;6;0,2;0,26
4288;7,6;0,28;0,17
4289;7;0,2;0,33
4290;6,6;0,26;0,27
4291;5,7;0,26;0,24
4292;7,2;0,21;0,36
4293;6,9;0,22;0,32
4294;7,2;0,21;0,36
4295;7,4;0,22;0,28
4296;7,2;0,21;0,36
4297;6,9;0,22;0,32
4298;7;0,2;0,35
4299;5,6;0,26;0
4300;6,3;0,28;0,3
4301;6,4;0,29;0,3
4302;7,2;0,34;0,23
4303;7,1;0,39;0,39
4304;6,9;0,26;0,29
4305;6,1;0,24;0,25
4306;5,9;0,25;0,24
4307;6,1;0,24;0,27
4308;6,5;0,22;0,27
4309;6,2;0,26;0,29
4310;6,6;0,34;0,25
4311;5,6;0,225;0,24
4312;7,1;0,23;0,28
4313;6,9;0,26;0,29
4314;6,4;0,27;0,3
4315;6,3;0,41;0,22
4316;6,7;0,41;0,24
4317;7,2;0,585;0,2
4318;6,7;0,34;0,26
4319;6,3;0,41;0,22
4320;6,7;0,41;0,24
4321;6,4;0,26;0,35
4322;6,3;0,28;0,22
4323;7,4;0,16;0,33
4324;8,4;0,27;0,3
4325;5,9;0,2;0,28
4326;6,4;0,24;0,26
4327;7,4;0,38;0,34
4328;6,4;0,24;0,26
4329;6,4;0,42;0,19
4330;6,4;0,23;0,26
4331;6,4;0,24;0,26
4332;7,4;0,38;0,34
4333;7,3;0,19;0,27
4334;7,3;0,19;0,27
4335;7,3;0,19;0,27
4336;7,3;0,19;0,27
4337;7,3;0,19;0,27
4338;7,3;0,19;0,27
4339;7,3;0,19;0,27
4340;6,8;0,24;0,29
4341;7,3;0,19;0,27
4342;7,4;0,27;0,52
4343;5,7;0,28;0,35
4344;5,8;0,22;0,25
4345;6,7;0,27;0,69
4346;7,1;0,2;0,35
4347;6,7;0,27;0,69
4348;7,1;0,23;0,3
4349;7,6;0,31;0,52
4350;7,2;0,34;0,28
4351;7;0,36;0,25
4352;6,4;0,31;0,28
4353;7,3;0,28;0,35
4354;7,4;0,16;0,3
4355;6,4;0,31;0,27
4356;6,4;0,31;0,28
4357;6,2;0,29;0,29
4358;5,9;0,28;0,34
4359;6,5;0,23;0,2
4360;7,2;0,34;0,2
4361;7,3;0,28;0,35
4362;6,5;0,2;0,33
4363;6,2;0,24;0,27
4364;7,1;0,31;0,25
4365;6,4;0,29;0,21
4366;6,3;0,19;0,33
4367;5,9;0,29;0,28
4368;7,1;0,31;0,25
4369;6,5;0,3;0,28
4370;6,4;0,29;0,21
4371;6,5;0,22;0,19
4372;7;0,23;0,28
4373;7,1;0,23;0,23
4374;6,1;0,26;0,28
4375;6,4;0,35;0,21
4376;6;0,32;0,32
4377;6,1;0,34;0,21
4378;6,5;0,13;0,27
4379;6,5;0,315;0,2
4380;6,1;0,34;0,21
4381;5,7;0,31;0,29
4382;6,4;0,3;0,27
4383;7;0,24;0,26
4384;6,5;0,13;0,27
4385;6,4;0,26;0,21
4386;6,4;0,26;0,21
4387;6;0,27;0,31
4388;7,1;0,21;0,33
4389;6,7;0,26;0,29
4390;6,3;0,28;0,22
4391;6,2;0,25;0,44
4392;7,3;0,22;0,37
4393;6,2;0,25;0,44
4394;6,4;0,18;0,28
4395;6,3;0,2;0,26
4396;6,6;0,24;0,22
4397;7,4;0,27;0,26
4398;7,4;0,27;0,26
4399;7,4;0,27;0,26
4400;6,6;0,24;0,22
4401;7,4;0,27;0,26
4402;7,1;0,38;0,29
4403;6,8;0,43;0,26
4404;5,2;0,22;0,46
4405;5,9;0,29;0,16
4406;5,9;0,29;0,16
4407;6,3;0,29;0,29
4408;6,3;0,19;0,32
4409;5,7;0,29;0,16
4410;6,3;0,29;0,29
4411;5,7;0,24;0,47
4412;5,8;0,3;0,38
4413;7,1;0,27;0,27
4414;5,8;0,3;0,38
4415;7,1;0,27;0,27
4416;6,3;0,305;0,22
4417;5,7;0,24;0,47
4418;6,2;0,22;0,28
4419;6,6;0,22;0,23
4420;6,6;0,22;0,23
4421;6,6;0,22;0,23
4422;6,6;0,22;0,23
4423;6,2;0,22;0,28
4424;6,2;0,22;0,28
4425;6,6;0,22;0,23
4426;6,1;0,22;0,5
4427;6,2;0,21;0,52
4428;6,3;0,32;0,26
4429;6,9;0,44;0,27
4430;6,1;0,31;0,34
4431;8,1;0,36;0,59
4432;6,6;0,38;0,28
4433;6,7;0,24;0,26
4434;6,9;0,56;0,26
4435;7,2;0,24;0,24
4436;6,5;0,29;0,3
4437;6,7;0,28;0,28
4438;6,5;0,29;0,3
4439;6,1;0,21;0,19
4440;7,2;0,47;0,16
4441;6,7;0,34;0,31
4442;6,6;0,27;0,25
4443;6,7;0,34;0,31
4444;7,2;0,47;0,16
4445;5;0,35;0,25
4446;5;0,35;0,25
4447;4,4;0,46;0,1
4448;6,6;0,38;0,29
4449;7,3;0,3;0,25
4450;6,4;0,28;0,22
4451;6,9;0,29;0,25
4452;6,3;0,3;0,19
4453;6,3;0,39;0,22
4454;6,6;0,38;0,29
4455;6,6;0,18;0,26
4456;6;0,28;0,29
4457;6;0,28;0,29
4458;6;0,28;0,29
4459;6,6;0,35;0,26
4460;5,9;0,22;0,18
4461;6,6;0,18;0,26
4462;7,7;0,28;0,24
4463;7,1;0,42;0,2
4464;6,7;0,32;0,32
4465;6,6;0,26;0,56
4466;6,6;0,26;0,56
4467;6,2;0,32;0,24
4468;6,3;0,25;0,27
4469;6,2;0,21;0,24
4470;6,4;0,23;0,27
4471;4,7;0,145;0,29
4472;6,2;0,2;0,28
4473;7;0,28;0,28
4474;7,1;0,36;0,2
4475;5,7;0,25;0,22
4476;5,7;0,22;0,33
4477;6;0,2;0,38
4478;6,4;0,32;0,26
4479;6,4;0,32;0,26
4480;6;0,555;0,26
4481;5,9;0,22;0,45
4482;6,4;0,32;0,26
4483;6,2;0,3;0,33
4484;5,8;0,28;0,18
4485;5,8;0,555;0,26
4486;6,7;0,31;0,33
4487;6,4;0,15;0,25
4488;6,4;0,13;0,28
4489;6,7;0,48;0,49
4490;6,7;0,48;0,49
4491;5,8;0,3;0,33
4492;6,1;0,28;0,23
4493;6;0,19;0,37
4494;6,8;0,31;0,25
4495;7,5;0,24;0,29
4496;6,8;0,23;0,39
4497;7,5;0,24;0,29
4498;6,3;0,29;0,3
4499;6,8;0,2;0,25
4500;5,2;0,38;0,26
4501;7,8;0,27;0,33
4502;6,6;0,54;0,21
4503;7,1;0,25;0,31
4504;5,8;0,61;0,01
4505;6,5;0,32;0,23
4506;6,4;0,28;0,23
4507;6,6;0,19;0,28
4508;5,1;0,305;0,13
4509;5,8;0,26;0,3
4510;6,7;0,23;0,17
4511;6,8;0,33;0,3
4512;6,1;0,27;0,32
4513;6,1;0,27;0,32
4514;6,8;0,4;0,29
4515;6,1;0,4;0,18
4516;7,1;0,28;0,26
4517;6,2;0,32;0,32
4518;6,8;0,17;0,17
4519;9;0,2;0,33
4520;5,8;0,13;0,22
4521;5,8;0,31;0,31
4522;6,3;0,36;0,2
4523;9;0,2;0,33
4524;6,7;0,18;0,25
4525;6,6;0,16;0,25
4526;5,8;0,13;0,22
4527;5,8;0,27;0,22
4528;6,8;0,17;0,17
4529;6,4;0,37;0,19
4530;7,3;0,26;0,53
4531;7,3;0,28;0,54
4532;7,3;0,28;0,54
4533;5,8;0,12;0,21
4534;6,1;0,25;0,18
4535;6,4;0,24;0,27
4536;7,3;0,26;0,53
4537;7,3;0,28;0,54
4538;8,3;0,18;0,37
4539;7,1;0,09;0,3
4540;8,3;0,14;0,36
4541;5,8;0,28;0,3
4542;6;0,23;0,34
4543;6,9;0,28;0,37
4544;6,9;0,28;0,37
4545;5,8;0,28;0,3
4546;6,3;0,25;0,53
4547;6,5;0,2;0,31
4548;5,9;0,29;0,32
4549;6,4;0,46;0,22
4550;6,9;0,28;0,37
4551;6,8;0,23;0,33
4552;7;0,23;0,32
4553;6,4;0,55;0,26
4554;5,7;0,28;0,3
4555;6;0,23;0,34
4556;6,8;0,45;0,3
4557;6,1;0,2;0,4
4558;6,1;0,37;0,46
4559;5,9;0,21;0,23
4560;6,9;0,22;0,32
4561;5,4;0,27;0,22
4562;6;0,26;0,26
4563;5,6;0,18;0,3
4564;5,6;0,26;0,27
4565;7;0,23;0,35
4566;5,8;0,28;0,66
4567;8,6;0,36;0,26
4568;5,8;0,28;0,66
4569;6,4;0,3;0,27
4570;6,2;0,2;0,32
4571;5,8;0,29;0,15
4572;5,7;0,22;0,28
4573;5,6;0,22;0,32
4574;6,8;0,32;0,23
4575;6,2;0,2;0,26
4576;6,1;0,35;0,24
4577;5,9;0,3;0,29
4578;6,3;0,15;0,34
4579;4,8;0,13;0,32
4580;6;0,2;0,26
4581;5,7;0,2;0,24
4582;6;0,27;0,26
4583;6,3;0,37;0,51
4584;6,4;0,23;0,37
4585;5,9;0,34;0,25
4586;5;0,33;0,23
4587;5,4;0,29;0,38
4588;8;0,33;0,35
4589;6,4;0,3;0,33
4590;5,4;0,29;0,38
4591;6,4;0,33;0,3
4592;7;0,33;0,78
4593;6,7;0,45;0,3
4594;6,5;0,36;0,31
4595;5,8;0,42;0,3
4596;7,1;0,39;0,3
4597;6,7;0,53;0,29
4598;6,7;0,66;0
4599;6,5;0,36;0,31
4600;6,5;0,16;0,33
4601;8,3;0,22;0,34
4602;6,9;0,23;0,35
4603;6,4;0,17;0,34
4604;5;0,33;0,18
4605;6,8;0,38;0,29
4606;6,5;0,29;0,32
4607;6,9;0,29;0,32
4608;6,6;0,28;0,3
4609;6,2;0,36;0,27
4610;6;0,615;0,04
4611;5,9;0,44;0,36
4612;5,9;0,42;0,36
4613;5,8;0,34;0,21
4614;5,8;0,27;0,2
4615;7,1;0,33;0,18
4616;6,1;0,44;0,28
4617;7,3;0,28;0,37
4618;5,2;0,5;0,18
4619;6,1;0,44;0,28
4620;6,4;0,62;0,12
4621;6,4;0,38;0,19
4622;7,5;0,305;0,38
4623;6,5;0,5;0,22
4624;6,6;0,4;0,3
4625;6,4;0,4;0,25
4626;8,3;0,49;0,23
4627;6,3;0,3;0,91
4628;6,1;0,19;0,37
4629;6,1;0,19;0,37
4630;5,6;0,24;0,34
4631;5,7;0,25;0,32
4632;6,6;0,21;0,39
4633;6,3;0,3;0,91
4634;6,2;0,28;0,41
4635;5,8;0,29;0,38
4636;5,8;0,345;0,15
4637;6,5;0,51;0,25
4638;6;0,24;0,41
4639;6,5;0,51;0,25
4640;6,9;0,54;0,26
4641;6;0,24;0,41
4642;6,6;0,26;0,36
4643;5,7;0,24;0,3
4644;6,5;0,21;0,35
4645;6,8;0,29;0,22
4646;5;0,24;0,34
4647;5,9;0,18;0,28
4648;5,8;0,26;0,29
4649;6,7;0,61;0,21
4650;5,7;0,695;0,06
4651;5,6;0,695;0,06
4652;5,7;0,39;0,25
4653;6,1;0,38;0,47
4654;6,3;0,36;0,28
4655;6;0,29;0,41
4656;6;0,29;0,41
4657;6;0,29;0,41
4658;6;0,29;0,41
4659;7,1;0,43;0,25
4660;6,6;0,25;0,25
4661;6,6;0,33;0,41
4662;8;0,23;0,41
4663;7,3;0,17;0,36
4664;6;0,17;0,33
4665;6,1;0,16;0,34
4666;7,3;0,17;0,36
4667;6,4;0,31;0,53
4668;6,1;0,16;0,34
4669;6;0,17;0,33
4670;5,9;0,44;0,33
4671;6,6;0,285;0,49
4672;4,9;0,335;0,14
4673;4,9;0,335;0,14
4674;6;0,28;0,52
4675;5,8;0,35;0,29
4676;5,7;0,21;0,37
4677;6,5;0,25;0,32
4678;6;0,28;0,52
4679;6,6;0,285;0,49
4680;4,7;0,335;0,14
4681;6,8;0,63;0,04
4682;5,6;0,27;0,37
4683;6,8;0,32;0,33
4684;6,5;0,33;0,32
4685;6;0,24;0,34
4686;7,2;0,26;0,32
4687;6,8;0,63;0,04
4688;6,7;0,16;0,32
4689;6,7;0,16;0,32
4690;6,7;0,16;0,32
4691;6,7;0,16;0,32
4692;6,9;0,19;0,31
4693;6;0,36;0,32
4694;6,7;0,16;0,32
4695;6,9;0,19;0,31
4696;6,7;0,35;0,32
4697;6,1;0,15;0,4
4698;6,7;0,35;0,32
4699;7;0,27;0,74
4700;6,8;0,3;0,33
4701;6,8;0,3;0,33
4702;6,4;0,69;0,09
4703;6,4;0,69;0,09
4704;5,9;0,12;0,28
4705;6,3;0,36;0,5
4706;5,7;0,27;0,16
4707;6,1;0,22;0,4
4708;5,6;0,205;0,16
4709;7,2;0,33;0,28
4710;5,9;0,21;0,31
4711;5,4;0,33;0,31
4712;5,4;0,205;0,16
4713;5,7;0,27;0,16
4714;6,4;0,28;0,28
4715;6,1;0,22;0,4
4716;6,7;0,15;0,32
4717;5,5;0,315;0,38
4718;4,8;0,225;0,38
4719;5,2;0,24;0,15
4720;6,7;0,15;0,32
4721;6,6;0,27;0,32
4722;6,1;0,32;0,33
4723;6;0,25;0,28
4724;6,4;0,42;0,46
4725;6,1;0,32;0,33
4726;6,9;0,31;0,33
4727;6,3;0,48;0,48
4728;6;0,25;0,28
4729;7,2;0,21;0,31
4730;6,8;0,32;0,43
4731;7,9;0,3;0,6
4732;5,3;0,31;0,38
4733;5,3;0,31;0,38
4734;5,2;0,185;0,22
4735;5,5;0,16;0,31
4736;6;0,17;0,36
4737;6;0,16;0,36
4738;6,1;0,24;0,32
4739;5,5;0,3;0,25
4740;5,5;0,16;0,31
4741;6;0,32;0,46
4742;6,1;0,27;0,31
4743;6;0,27;0,32
4744;6;0,14;0,37
4745;5;0,24;0,19
4746;6,1;0,26;0,25
4747;6,3;0,23;0,5
4748;5,6;0,26;0,5
4749;6,1;0,34;0,24
4750;6,2;0,35;0,25
4751;6;0,14;0,37
4752;7,3;0,36;0,62
4753;5,1;0,25;0,36
4754;5,5;0,16;0,26
4755;6,4;0,19;0,35
4756;6,6;0,29;0,73
4757;6;0,38;0,26
4758;6;0,38;0,26
4759;6,5;0,2;0,35
4760;6,6;0,17;0,26
4761;6,6;0,17;0,26
4762;6,2;0,15;0,27
4763;5,9;0,48;0,3
4764;5,3;0,4;0,25
4765;5,9;0,26;0,29
4766;5,2;0,3;0,34
4767;6,4;0,32;0,25
4768;6,6;0,19;0,25
4769;6,8;0,27;0,3
4770;6,8;0,27;0,3
4771;6,8;0,27;0,3
4772;6,8;0,27;0,3
4773;6,4;0,28;0,45
4774;5,2;0,21;0,31
4775;7,1;0,24;0,34
4776;5;0,27;0,4
4777;5,8;0,27;0,4
4778;5,9;0,27;0,32
4779;5,8;0,315;0,19
4780;6;0,59;0
4781;5,8;0,3;0,09
4782;5,6;0,3;0,1
4783;6,7;0,3;0,5
4784;6,7;0,3;0,5
4785;6,4;0,31;0,31
4786;6,9;0,25;0,29
4787;4,4;0,32;0,39
4788;3,9;0,225;0,4
4789;6,4;0,31;0,31
4790;5,5;0,62;0,33
4791;6,2;0,3;0,42
4792;6,7;0,3;0,5
4793;4,7;0,785;0
4794;6;0,31;0,32
4795;6;0,32;0,3
4796;6,4;0,105;0,29
4797;6,4;0,105;0,29
4798;5,7;0,33;0,32
4799;5,9;0,32;0,19
4800;6,2;0,26;0,2
4801;6;0,2;0,33
4802;6,4;0,105;0,29
4803;5,8;0,28;0,34
4804;6,4;0,31;0,5
4805;6;0,35;0,46
4806;5,1;0,26;0,34
4807;6,6;0,28;0,09
4808;6;0,17;0,3
4809;7,3;0,35;0,67
4810;6;0,26;0,24
4811;5,4;0,375;0,4
4812;7;0,17;0,42
4813;5,1;0,26;0,33
4814;5,8;0,36;0,5
4815;5,7;0,4;0,35
4816;6,2;0,76;0,01
4817;6,1;0,41;0,2
4818;5,8;0,385;0,25
4819;6;0,27;0,4
4820;5,7;0,4;0,35
4821;5,8;0,36;0,5
4822;7;0,24;0,47
4823;6,8;0,23;0,48
4824;6,5;0,28;0,34
4825;6,4;0,23;0,35
4826;6;0,34;0,29
4827;6;0,34;0,29
4828;6,7;0,22;0,33
4829;6,4;0,23;0,35
4830;6;0,32;0,33
4831;5,8;0,29;0,27
4832;5,8;0,38;0,26
4833;5,9;0,32;0,26
4834;5,6;0,33;0,28
4835;5,9;0,37;0,3
4836;5,6;0,295;0,26
4837;6,7;0,5;0,36
4838;6,5;0,28;0,38
4839;5,3;0,275;0,24
4840;5,2;0,405;0,15
4841;6,8;0,34;0,36
4842;5,7;0,22;0,25
4843;6,2;0,28;0,57
4844;5,6;0,34;0,25
4845;4,8;0,29;0,23
4846;6,6;0,38;0,29
4847;5,1;0,3;0,3
4848;4,4;0,54;0,09
4849;7;0,36;0,35
4850;6,4;0,33;0,44
4851;7;0,36;0,35
4852;6,4;0,33;0,44
4853;6,2;0,23;0,38
4854;5,2;0,25;0,23
4855;6,2;0,35;0,29
4856;7,1;0,23;0,39
4857;7,1;0,23;0,39
4858;7,5;0,38;0,33
4859;6,4;0,35;0,51
4860;6;0,43;0,34
4861;6;0,52;0,33
4862;5,5;0,31;0,29
4863;5,9;0,22;0,3
4864;6,2;0,36;0,32
4865;6;0,41;0,23
4866;6,2;0,355;0,35
4867;5,7;0,41;0,21
4868;5,3;0,6;0,34
4869;5,8;0,23;0,31
4870;6,6;0,24;0,33
4871;6,1;0,32;0,28
4872;5;0,2;0,4
4873;6;0,42;0,41
4874;5,7;0,21;0,32
4875;5,6;0,2;0,36
4876;7,4;0,22;0,26
4877;6,2;0,38;0,42
4878;5,9;0,54;0
4879;6,2;0,53;0,02
4880;6,6;0,34;0,4
4881;6,6;0,34;0,4
4882;5;0,235;0,27
4883;5,5;0,32;0,13
4884;4,9;0,47;0,17
4885;6,5;0,33;0,38
4886;6,6;0,34;0,4
4887;6,2;0,21;0,28
4888;6,2;0,41;0,22
4889;6,8;0,22;0,36
4890;4,9;0,235;0,27
4891;6,1;0,34;0,29
4892;5,7;0,21;0,32
4893;6,5;0,23;0,38
4894;6,2;0,21;0,29
4895;6,6;0,32;0,36
4896;6,5;0,24;0,19
4897;5,5;0,29;0,3
4898;6;0,21;0,38
